Last Name,Cultural Identity,Gender,Age,Government Funding,Type of Educational Institute,Community Involvement,Level of Education,Language Proficiency,Dropped Out
Rothon,Non-Indigenous,Male,20,Yes,Private,Active,Associate Degree,Basic,No
Bernon,Non-Indigenous,Male,28,Yes,Public,Active,High School,Basic,Yes
Perassi,Indigenous,Female,34,Yes,Public,Inactive,Masters Degree,Intermediate,No
Erbain,Indigenous,Female,21,Yes,Private,Inactive,Masters Degree,Fluent,No
Simonitto,Non-Indigenous,Female,33,Yes,Private,Active,Bachelors Degree,Intermediate,No
Youens,Indigenous,Male,39,Yes,Public,Active,Masters Degree,Basic,No
Hamilton,Indigenous,Female,31,Yes,Public,Inactive,Bachelors Degree,Basic,No
Meardon,Non-Indigenous,Male,38,Yes,Private,Inactive,High School,Fluent,Yes
Heathwood,Non-Indigenous,Male,30,No,Private,Active,Associate Degree,Basic,No
Hardiman,Indigenous,Male,34,Yes,Private,Active,Bachelors Degree,Fluent,No
Dorton,Non-Indigenous,Female,17,No,Public,Inactive,Masters Degree,Basic,No
Hopfer,Non-Indigenous,Female,16,No,Private,Inactive,Bachelors Degree,Intermediate,No
Kelshaw,Non-Indigenous,Male,33,Yes,Public,Active,Masters Degree,Fluent,No
Thamelt,Non-Indigenous,Male,20,Yes,Private,Active,Bachelors Degree,Fluent,No
Coulton,Non-Indigenous,Male,39,Yes,Private,Active,Bachelors Degree,Basic,No
Greenhalgh,Indigenous,Male,17,No,Public,Active,High School,Fluent,Yes
Chapelle,Non-Indigenous,Male,21,Yes,Private,Inactive,Masters Degree,Intermediate,No
Kubera,Non-Indigenous,Male,37,Yes,Public,Inactive,Associate Degree,Fluent,No
Darth,Non-Indigenous,Female,31,Yes,Public,Active,Associate Degree,Basic,No
Steenson,Non-Indigenous,Female,20,No,Public,Inactive,Bachelors Degree,Fluent,No
Cherm,Indigenous,Female,18,No,Private,Inactive,Associate Degree,Basic,No
Loughlan,Indigenous,Male,16,Yes,Private,Inactive,High School,Basic,Yes
Tucknott,Indigenous,Male,24,Yes,Private,Active,Masters Degree,Basic,No
Dutteridge,Non-Indigenous,Female,31,Yes,Private,Active,Masters Degree,Intermediate,No
Ourtic,Non-Indigenous,Male,16,No,Private,Active,Masters Degree,Basic,No
Edlestone,Non-Indigenous,Female,30,No,Public,Inactive,Bachelors Degree,Intermediate,No
Berr,Indigenous,Female,40,Yes,Public,Inactive,Associate Degree,Intermediate,No
Hailston,Non-Indigenous,Male,39,Yes,Private,Active,Masters Degree,Fluent,No
Franschini,Indigenous,Male,17,Yes,Public,Active,Bachelors Degree,Intermediate,No
Biddlecombe,Non-Indigenous,Female,22,No,Private,Inactive,High School,Intermediate,Yes
Labeuil,Non-Indigenous,Male,40,Yes,Private,Active,Masters Degree,Intermediate,No
Niese,Indigenous,Male,17,No,Private,Active,Associate Degree,Fluent,No
Briston,Indigenous,Male,34,No,Public,Active,Masters Degree,Fluent,No
Smaile,Indigenous,Female,34,Yes,Private,Active,High School,Fluent,Yes
Pummell,Non-Indigenous,Male,33,Yes,Public,Inactive,High School,Basic,Yes
Merriton,Non-Indigenous,Female,39,Yes,Private,Inactive,High School,Intermediate,Yes
Collabine,Non-Indigenous,Male,18,No,Private,Inactive,High School,Fluent,Yes
Aylin,Indigenous,Female,38,Yes,Private,Inactive,Associate Degree,Intermediate,No
Davisson,Indigenous,Female,24,Yes,Public,Inactive,High School,Fluent,Yes
Dagwell,Indigenous,Male,26,No,Public,Inactive,Masters Degree,Fluent,No
Fletham,Non-Indigenous,Female,34,No,Private,Active,High School,Intermediate,Yes
Scothron,Non-Indigenous,Female,25,Yes,Public,Active,Associate Degree,Fluent,No
Ivanishin,Indigenous,Female,31,Yes,Private,Inactive,Bachelors Degree,Basic,No
Pitcaithly,Indigenous,Male,39,No,Public,Inactive,Masters Degree,Intermediate,No
Turone,Indigenous,Female,39,Yes,Private,Inactive,Bachelors Degree,Intermediate,No
Evennett,Non-Indigenous,Male,35,Yes,Private,Inactive,High School,Fluent,Yes
Littlefield,Indigenous,Male,35,No,Private,Inactive,Associate Degree,Basic,No
Harrad,Non-Indigenous,Female,31,No,Private,Inactive,Masters Degree,Basic,No
Renyard,Indigenous,Male,34,No,Private,Active,Bachelors Degree,Intermediate,No
Gleadle,Non-Indigenous,Female,21,No,Private,Active,Masters Degree,Intermediate,No
Keeting,Indigenous,Female,28,Yes,Private,Active,Bachelors Degree,Intermediate,No
Jackes,Indigenous,Female,32,No,Private,Active,Associate Degree,Fluent,No
Worgan,Indigenous,Female,35,No,Private,Inactive,Bachelors Degree,Intermediate,No
Ferdinand,Indigenous,Female,34,No,Private,Inactive,High School,Basic,Yes
Hauch,Indigenous,Female,19,Yes,Public,Inactive,Associate Degree,Intermediate,No
Steagall,Indigenous,Female,21,No,Private,Active,Masters Degree,Basic,No
Francesch,Non-Indigenous,Female,32,No,Private,Inactive,Associate Degree,Fluent,No
Digger,Non-Indigenous,Male,19,No,Private,Active,Associate Degree,Basic,No
Garlett,Indigenous,Female,16,No,Public,Inactive,Bachelors Degree,Intermediate,No
Moulder,Indigenous,Female,35,Yes,Private,Active,Masters Degree,Fluent,No
Janko,Indigenous,Female,22,No,Public,Active,Associate Degree,Intermediate,No
Wilkowski,Indigenous,Male,37,No,Private,Inactive,Masters Degree,Intermediate,No
Lalley,Indigenous,Male,32,Yes,Private,Active,High School,Intermediate,Yes
Channer,Non-Indigenous,Male,21,Yes,Private,Inactive,High School,Fluent,Yes
Vila,Indigenous,Male,25,Yes,Public,Inactive,Bachelors Degree,Intermediate,No
Grinyov,Non-Indigenous,Female,29,Yes,Private,Active,Bachelors Degree,Intermediate,No
Bratchell,Non-Indigenous,Female,38,No,Public,Active,Associate Degree,Fluent,No
Jandac,Indigenous,Male,29,No,Private,Active,High School,Fluent,Yes
Cadreman,Indigenous,Male,29,No,Public,Active,Masters Degree,Fluent,No
Maciocia,Non-Indigenous,Male,36,Yes,Private,Active,High School,Fluent,Yes
Plank,Non-Indigenous,Female,16,No,Private,Active,Bachelors Degree,Intermediate,No
Spitell,Non-Indigenous,Female,40,No,Private,Inactive,Associate Degree,Basic,No
Stathor,Non-Indigenous,Male,15,Yes,Private,Inactive,High School,Intermediate,Yes
Ferreri,Indigenous,Male,31,No,Public,Inactive,Bachelors Degree,Fluent,No
Portman,Non-Indigenous,Male,40,Yes,Public,Inactive,Masters Degree,Basic,No
Tysack,Indigenous,Male,38,Yes,Private,Active,Masters Degree,Basic,No
Nunson,Non-Indigenous,Male,27,Yes,Public,Active,High School,Basic,Yes
Acedo,Non-Indigenous,Female,27,Yes,Public,Active,Associate Degree,Basic,No
Febry,Indigenous,Female,32,Yes,Public,Inactive,Associate Degree,Basic,No
Binder,Indigenous,Male,15,Yes,Public,Inactive,Bachelors Degree,Basic,No
Gaffey,Indigenous,Female,27,No,Public,Inactive,High School,Intermediate,Yes
Seabright,Non-Indigenous,Female,27,Yes,Private,Active,Associate Degree,Fluent,No
Cowlas,Indigenous,Female,28,No,Private,Active,Associate Degree,Basic,No
Hardey,Non-Indigenous,Male,31,Yes,Private,Active,Masters Degree,Intermediate,No
Hardy,Indigenous,Female,36,Yes,Public,Inactive,High School,Intermediate,Yes
Durrans,Non-Indigenous,Male,18,No,Private,Active,Masters Degree,Intermediate,No
Laughton,Non-Indigenous,Male,29,Yes,Private,Active,High School,Intermediate,Yes
Riehm,Non-Indigenous,Female,15,Yes,Public,Inactive,High School,Intermediate,Yes
Wheatman,Non-Indigenous,Female,34,Yes,Public,Active,Masters Degree,Intermediate,No
Welburn,Indigenous,Male,40,No,Public,Active,Masters Degree,Intermediate,No
Orsi,Indigenous,Male,16,No,Public,Inactive,High School,Intermediate,Yes
Becraft,Non-Indigenous,Male,17,Yes,Private,Active,High School,Intermediate,Yes
Ponsford,Indigenous,Female,28,Yes,Public,Inactive,Bachelors Degree,Intermediate,No
Sineath,Non-Indigenous,Male,28,No,Public,Inactive,Bachelors Degree,Intermediate,No
Derisley,Indigenous,Female,39,Yes,Public,Active,Associate Degree,Basic,No
Bampton,Non-Indigenous,Male,40,No,Public,Inactive,Associate Degree,Intermediate,No
Luscombe,Non-Indigenous,Male,15,Yes,Public,Inactive,Bachelors Degree,Basic,No
Sapey,Non-Indigenous,Female,34,Yes,Public,Inactive,High School,Fluent,Yes
O'Hagerty,Indigenous,Female,26,Yes,Public,Active,High School,Fluent,Yes
Stroulger,Indigenous,Male,38,Yes,Private,Active,Associate Degree,Basic,No
Vader,Non-Indigenous,Female,33,No,Public,Inactive,Bachelors Degree,Intermediate,No
Orford,Non-Indigenous,Male,33,No,Public,Inactive,Associate Degree,Basic,No
McElrea,Indigenous,Male,21,No,Private,Inactive,Masters Degree,Fluent,No
Edling,Indigenous,Male,18,Yes,Public,Inactive,Associate Degree,Fluent,No
Endersby,Indigenous,Male,15,No,Private,Inactive,High School,Fluent,Yes
Sorbie,Indigenous,Female,30,No,Public,Active,Associate Degree,Intermediate,No
Arnall,Non-Indigenous,Male,33,No,Private,Active,Bachelors Degree,Fluent,No
Richardon,Non-Indigenous,Male,28,Yes,Public,Active,High School,Fluent,Yes
O' Meara,Non-Indigenous,Male,21,No,Private,Active,Bachelors Degree,Intermediate,No
Armer,Indigenous,Female,27,No,Public,Inactive,Associate Degree,Fluent,No
Cowlam,Indigenous,Female,16,Yes,Public,Inactive,High School,Fluent,Yes
Bradbury,Indigenous,Female,37,No,Private,Active,Associate Degree,Basic,No
Mardell,Non-Indigenous,Female,40,Yes,Public,Inactive,Bachelors Degree,Intermediate,No
Di Meo,Non-Indigenous,Male,20,Yes,Public,Inactive,High School,Fluent,Yes
Storer,Non-Indigenous,Male,27,Yes,Public,Active,Associate Degree,Fluent,No
McKeachie,Indigenous,Female,35,Yes,Private,Active,Bachelors Degree,Fluent,No
Swiffen,Indigenous,Male,16,Yes,Private,Inactive,Bachelors Degree,Fluent,No
Brooksbie,Indigenous,Male,34,Yes,Private,Active,Associate Degree,Basic,No
Chalke,Non-Indigenous,Female,25,Yes,Public,Active,Associate Degree,Fluent,No
Peacock,Indigenous,Male,27,No,Private,Active,Associate Degree,Intermediate,No
Croall,Indigenous,Female,25,No,Private,Inactive,Masters Degree,Basic,No
Ruf,Indigenous,Female,29,Yes,Public,Inactive,Bachelors Degree,Basic,No
Gudgen,Indigenous,Female,18,Yes,Private,Inactive,Bachelors Degree,Intermediate,No
Carberry,Indigenous,Female,25,No,Private,Inactive,Bachelors Degree,Intermediate,No
O'Dooghaine,Indigenous,Female,23,Yes,Private,Inactive,Bachelors Degree,Intermediate,No
Polson,Indigenous,Female,37,Yes,Private,Active,Associate Degree,Fluent,No
Malyan,Non-Indigenous,Male,34,No,Private,Active,Associate Degree,Fluent,No
Seeger,Non-Indigenous,Male,39,No,Private,Inactive,Masters Degree,Basic,No
Emblem,Non-Indigenous,Male,24,Yes,Private,Active,Masters Degree,Intermediate,No
Carmont,Indigenous,Female,32,No,Public,Active,Bachelors Degree,Fluent,No
Askew,Non-Indigenous,Female,40,No,Private,Inactive,Associate Degree,Intermediate,No
Wilce,Indigenous,Female,17,No,Private,Active,Bachelors Degree,Basic,No
Korb,Non-Indigenous,Male,16,Yes,Public,Inactive,Bachelors Degree,Fluent,No
Lindenfeld,Non-Indigenous,Female,22,Yes,Public,Inactive,Masters Degree,Intermediate,No
Brawley,Indigenous,Female,34,No,Private,Active,Associate Degree,Fluent,No
Baggarley,Indigenous,Female,21,Yes,Public,Inactive,Masters Degree,Intermediate,No
Juszczyk,Indigenous,Female,15,Yes,Private,Inactive,Masters Degree,Intermediate,No
Grieveson,Indigenous,Female,30,No,Private,Active,High School,Basic,Yes
Zorer,Indigenous,Male,39,No,Private,Active,Associate Degree,Intermediate,No
Birrane,Non-Indigenous,Male,22,No,Private,Inactive,Masters Degree,Fluent,No
Tevelov,Indigenous,Male,37,Yes,Private,Inactive,Masters Degree,Intermediate,No
Beales,Indigenous,Female,16,Yes,Private,Active,High School,Intermediate,Yes
Jenney,Indigenous,Female,20,No,Private,Active,Bachelors Degree,Intermediate,No
Enderson,Indigenous,Male,20,No,Private,Inactive,Bachelors Degree,Fluent,No
Fere,Non-Indigenous,Female,31,Yes,Public,Inactive,Masters Degree,Basic,No
Shavel,Non-Indigenous,Male,29,Yes,Public,Inactive,Associate Degree,Intermediate,No
Allright,Non-Indigenous,Male,20,No,Public,Inactive,Associate Degree,Fluent,No
Horsewood,Non-Indigenous,Male,24,Yes,Public,Inactive,Associate Degree,Fluent,No
Rustan,Indigenous,Male,21,Yes,Public,Active,Masters Degree,Fluent,No
Schorah,Indigenous,Female,20,Yes,Public,Inactive,High School,Fluent,Yes
Trudgian,Indigenous,Male,31,No,Private,Active,Associate Degree,Basic,No
Wimes,Non-Indigenous,Female,30,Yes,Private,Active,Masters Degree,Basic,No
Blind,Indigenous,Male,37,Yes,Public,Active,Masters Degree,Fluent,No
Jenno,Indigenous,Female,28,No,Private,Inactive,Associate Degree,Intermediate,No
Szanto,Non-Indigenous,Female,25,Yes,Public,Inactive,Bachelors Degree,Fluent,No
Mertgen,Non-Indigenous,Female,30,No,Private,Active,High School,Basic,Yes
Sobtka,Non-Indigenous,Male,15,Yes,Private,Active,Masters Degree,Fluent,No
Ladson,Indigenous,Female,38,No,Public,Active,High School,Intermediate,Yes
Matonin,Non-Indigenous,Male,21,No,Public,Active,Bachelors Degree,Basic,No
Balcers,Non-Indigenous,Male,32,Yes,Private,Inactive,Bachelors Degree,Fluent,No
Sergant,Non-Indigenous,Male,17,Yes,Private,Active,Associate Degree,Basic,No
Batterbee,Non-Indigenous,Male,38,Yes,Private,Inactive,Bachelors Degree,Fluent,No
Bennike,Indigenous,Female,34,No,Public,Inactive,Associate Degree,Intermediate,No
Spohr,Non-Indigenous,Male,26,No,Private,Inactive,Bachelors Degree,Fluent,No
Goodrich,Indigenous,Male,38,Yes,Private,Active,Masters Degree,Basic,No
Spaven,Non-Indigenous,Male,32,No,Private,Inactive,Bachelors Degree,Basic,No
Bisgrove,Indigenous,Male,35,No,Public,Active,High School,Intermediate,Yes
Davidov,Non-Indigenous,Male,22,Yes,Public,Active,High School,Fluent,Yes
Valerio,Non-Indigenous,Female,39,No,Public,Active,Masters Degree,Fluent,No
McKellar,Indigenous,Male,31,No,Private,Inactive,High School,Basic,Yes
Dunleavy,Non-Indigenous,Male,29,No,Private,Inactive,Associate Degree,Intermediate,No
Pickerill,Non-Indigenous,Female,27,No,Public,Active,Associate Degree,Basic,No
Gresch,Indigenous,Female,27,No,Private,Active,Masters Degree,Fluent,No
Astling,Non-Indigenous,Female,23,Yes,Public,Inactive,Bachelors Degree,Fluent,No
Turfs,Non-Indigenous,Male,22,Yes,Private,Active,High School,Intermediate,Yes
Ivanenkov,Non-Indigenous,Male,36,Yes,Public,Inactive,Associate Degree,Intermediate,No
Faulkner,Indigenous,Male,24,Yes,Public,Inactive,Masters Degree,Fluent,No
Le Guin,Non-Indigenous,Male,22,No,Public,Active,Masters Degree,Fluent,No
Klarzynski,Non-Indigenous,Female,36,No,Public,Inactive,Masters Degree,Intermediate,No
Sawter,Indigenous,Female,32,No,Public,Inactive,High School,Intermediate,Yes
Balshaw,Indigenous,Female,37,Yes,Private,Active,Bachelors Degree,Fluent,No
Han,Indigenous,Male,32,No,Private,Active,High School,Basic,Yes
Robe,Indigenous,Female,31,Yes,Public,Active,Bachelors Degree,Basic,No
Powland,Indigenous,Male,26,Yes,Private,Inactive,High School,Basic,Yes
Filipowicz,Non-Indigenous,Female,26,Yes,Public,Active,Associate Degree,Fluent,No
Plante,Non-Indigenous,Male,38,No,Public,Inactive,Masters Degree,Basic,No
Shevels,Indigenous,Male,24,No,Private,Active,Masters Degree,Basic,No
Clayborn,Indigenous,Male,40,Yes,Private,Active,Masters Degree,Fluent,No
Figgures,Indigenous,Male,21,Yes,Public,Active,Associate Degree,Intermediate,No
Bill,Non-Indigenous,Male,29,Yes,Private,Inactive,Associate Degree,Basic,No
Gillis,Indigenous,Female,36,Yes,Public,Active,Masters Degree,Intermediate,No
O'Cullinane,Non-Indigenous,Male,27,Yes,Private,Inactive,High School,Intermediate,Yes
O' Hogan,Indigenous,Female,24,No,Public,Active,Masters Degree,Intermediate,No
Sutherden,Non-Indigenous,Male,15,No,Private,Inactive,Associate Degree,Basic,No
Damper,Indigenous,Female,37,Yes,Private,Active,Associate Degree,Intermediate,No
Busswell,Indigenous,Female,25,Yes,Public,Active,Masters Degree,Fluent,No
Tewkesberry,Non-Indigenous,Female,29,No,Public,Inactive,High School,Intermediate,Yes
MacFie,Indigenous,Female,26,Yes,Private,Inactive,Associate Degree,Basic,No
Antoniat,Non-Indigenous,Female,17,Yes,Private,Active,Associate Degree,Fluent,No
Yannikov,Non-Indigenous,Male,34,No,Public,Inactive,Associate Degree,Basic,No
Carbonell,Indigenous,Female,27,No,Private,Active,Associate Degree,Fluent,No
Boorer,Non-Indigenous,Male,30,Yes,Public,Inactive,Masters Degree,Basic,No
O'Heaney,Non-Indigenous,Male,18,No,Public,Inactive,Masters Degree,Fluent,No
Wakley,Indigenous,Female,35,Yes,Public,Active,High School,Basic,Yes
Poynser,Indigenous,Female,28,Yes,Private,Active,Bachelors Degree,Basic,No
Ilson,Indigenous,Male,34,No,Private,Active,High School,Intermediate,Yes
Pamplin,Indigenous,Male,26,Yes,Public,Active,Associate Degree,Basic,No
Konmann,Indigenous,Female,16,Yes,Private,Inactive,Bachelors Degree,Fluent,No
McQuorkel,Indigenous,Male,23,Yes,Private,Active,Bachelors Degree,Basic,No
Colthard,Indigenous,Female,26,No,Public,Inactive,High School,Fluent,Yes
Viney,Non-Indigenous,Male,18,Yes,Private,Active,High School,Basic,Yes
Feares,Indigenous,Male,31,Yes,Public,Active,High School,Intermediate,Yes
Priddy,Indigenous,Female,33,No,Private,Active,Associate Degree,Intermediate,No
Crabbe,Non-Indigenous,Female,40,No,Private,Active,High School,Intermediate,Yes
Filippucci,Non-Indigenous,Male,32,No,Private,Active,Bachelors Degree,Fluent,No
Middlehurst,Indigenous,Female,17,Yes,Private,Active,Bachelors Degree,Fluent,No
Berick,Indigenous,Male,15,Yes,Public,Inactive,High School,Basic,Yes
Barkley,Non-Indigenous,Male,30,Yes,Private,Active,Masters Degree,Basic,No
Copyn,Non-Indigenous,Male,16,No,Private,Inactive,Associate Degree,Basic,No
Salisbury,Non-Indigenous,Female,34,Yes,Private,Active,Associate Degree,Basic,No
Immings,Indigenous,Male,25,Yes,Public,Inactive,Bachelors Degree,Fluent,No
Paulus,Indigenous,Female,37,Yes,Private,Inactive,High School,Intermediate,Yes
Duferie,Non-Indigenous,Female,18,Yes,Private,Inactive,Bachelors Degree,Fluent,No
Serraillier,Indigenous,Female,32,Yes,Private,Inactive,High School,Intermediate,Yes
Youhill,Non-Indigenous,Male,27,No,Public,Inactive,Masters Degree,Fluent,No
Fonzo,Non-Indigenous,Male,20,Yes,Public,Inactive,Bachelors Degree,Intermediate,No
Eickhoff,Non-Indigenous,Female,20,No,Private,Inactive,Bachelors Degree,Basic,No
Markwick,Indigenous,Male,24,No,Public,Active,High School,Intermediate,Yes
Rigney,Non-Indigenous,Female,22,No,Private,Active,Bachelors Degree,Fluent,No
Tivers,Non-Indigenous,Male,33,No,Private,Inactive,High School,Basic,Yes
Vaun,Indigenous,Female,21,Yes,Private,Active,Bachelors Degree,Intermediate,No
Pic,Non-Indigenous,Female,37,Yes,Public,Inactive,Associate Degree,Fluent,No
Brissenden,Non-Indigenous,Male,16,Yes,Public,Active,High School,Fluent,Yes
Ziemke,Indigenous,Male,39,No,Public,Active,Bachelors Degree,Intermediate,No
Mellings,Indigenous,Male,31,No,Public,Inactive,High School,Basic,Yes
O'Flynn,Non-Indigenous,Female,20,No,Public,Active,Masters Degree,Basic,No
Gutridge,Non-Indigenous,Female,28,Yes,Private,Active,Associate Degree,Basic,No
Struss,Indigenous,Male,25,Yes,Public,Inactive,Associate Degree,Basic,No
Balston,Indigenous,Female,27,Yes,Public,Active,Bachelors Degree,Fluent,No
Jacquemy,Indigenous,Male,28,Yes,Public,Active,High School,Fluent,Yes
Lindsley,Indigenous,Male,35,Yes,Public,Active,Bachelors Degree,Fluent,No
Wallbutton,Non-Indigenous,Female,21,No,Public,Active,Masters Degree,Fluent,No
Stable,Non-Indigenous,Male,29,No,Public,Active,Bachelors Degree,Basic,No
Leroy,Indigenous,Male,25,No,Public,Inactive,Associate Degree,Intermediate,No
Schimmang,Indigenous,Male,29,No,Private,Active,Masters Degree,Intermediate,No
Risborough,Indigenous,Female,37,Yes,Private,Inactive,High School,Basic,Yes
Pittam,Indigenous,Male,38,No,Public,Active,Associate Degree,Basic,No
Hatrick,Indigenous,Male,32,No,Public,Active,Associate Degree,Basic,No
Patience,Non-Indigenous,Male,26,Yes,Private,Active,Associate Degree,Fluent,No
Daymond,Indigenous,Male,40,No,Private,Inactive,Bachelors Degree,Intermediate,No
Pollastro,Non-Indigenous,Female,25,No,Private,Inactive,Masters Degree,Basic,No
Vigne,Non-Indigenous,Male,23,Yes,Private,Active,Bachelors Degree,Basic,No
Houten,Non-Indigenous,Female,20,Yes,Public,Active,Bachelors Degree,Fluent,No
Haydon,Indigenous,Female,40,No,Private,Inactive,Associate Degree,Basic,No
Kowalski,Indigenous,Female,26,No,Private,Active,Associate Degree,Basic,No
Lambe,Indigenous,Female,31,No,Public,Inactive,High School,Fluent,Yes
Alcott,Non-Indigenous,Female,28,Yes,Private,Inactive,Masters Degree,Fluent,No
Grimsditch,Indigenous,Female,30,No,Private,Inactive,High School,Intermediate,Yes
Orth,Indigenous,Male,30,Yes,Private,Inactive,Bachelors Degree,Basic,No
Philler,Indigenous,Female,16,No,Public,Active,Bachelors Degree,Intermediate,No
Twydell,Non-Indigenous,Female,22,No,Private,Active,High School,Basic,Yes
Wasmer,Non-Indigenous,Male,18,No,Private,Inactive,High School,Fluent,Yes
Quarrington,Non-Indigenous,Male,21,Yes,Public,Inactive,Bachelors Degree,Basic,No
Wagerfield,Indigenous,Female,21,No,Private,Inactive,Associate Degree,Fluent,No
Foystone,Indigenous,Male,30,No,Private,Active,Masters Degree,Fluent,No
Farmloe,Indigenous,Male,33,Yes,Private,Inactive,Masters Degree,Basic,No
Hullbrook,Non-Indigenous,Female,34,Yes,Private,Active,Masters Degree,Intermediate,No
Stapells,Non-Indigenous,Male,22,No,Private,Active,Bachelors Degree,Intermediate,No
Moxham,Indigenous,Male,36,Yes,Public,Active,High School,Intermediate,Yes
Flatt,Indigenous,Male,23,No,Private,Active,High School,Intermediate,Yes
Brake,Indigenous,Female,16,No,Public,Active,High School,Basic,Yes
Avramovich,Indigenous,Male,18,Yes,Public,Active,Bachelors Degree,Intermediate,No
Nesterov,Non-Indigenous,Female,30,Yes,Private,Active,Bachelors Degree,Fluent,No
Zambon,Indigenous,Female,39,Yes,Public,Inactive,Associate Degree,Basic,No
Geeve,Indigenous,Female,22,No,Private,Inactive,Bachelors Degree,Basic,No
Dary,Indigenous,Male,17,No,Public,Active,High School,Basic,Yes
Stute,Non-Indigenous,Female,15,Yes,Private,Inactive,Bachelors Degree,Fluent,No
Ordelt,Indigenous,Male,40,No,Public,Inactive,High School,Basic,Yes
Flieger,Non-Indigenous,Female,25,Yes,Private,Inactive,High School,Fluent,Yes
Tye,Indigenous,Male,28,Yes,Private,Inactive,Bachelors Degree,Intermediate,No
Rotherforth,Non-Indigenous,Male,33,No,Public,Active,Bachelors Degree,Fluent,No
Jacmard,Indigenous,Male,25,No,Private,Active,Associate Degree,Intermediate,No
Pevie,Indigenous,Female,31,No,Private,Inactive,Bachelors Degree,Fluent,No
Pipe,Non-Indigenous,Male,25,Yes,Public,Active,Bachelors Degree,Basic,No
Batters,Indigenous,Male,32,No,Public,Inactive,High School,Intermediate,Yes
Scallan,Non-Indigenous,Female,17,No,Public,Inactive,High School,Fluent,Yes
Moughton,Indigenous,Female,20,No,Public,Inactive,Masters Degree,Intermediate,No
Riall,Indigenous,Male,32,Yes,Private,Inactive,Masters Degree,Basic,No
Wrate,Non-Indigenous,Female,37,No,Public,Active,Bachelors Degree,Basic,No
Yandell,Indigenous,Male,22,No,Public,Inactive,High School,Intermediate,Yes
MacCallam,Non-Indigenous,Female,35,No,Private,Inactive,Masters Degree,Intermediate,No
Gowler,Non-Indigenous,Female,27,Yes,Public,Inactive,Masters Degree,Fluent,No
Purle,Non-Indigenous,Female,33,Yes,Private,Active,High School,Intermediate,Yes
Breacher,Non-Indigenous,Male,35,No,Private,Active,Masters Degree,Intermediate,No
Mussalli,Indigenous,Female,23,Yes,Private,Inactive,Associate Degree,Intermediate,No
Headland,Non-Indigenous,Female,30,Yes,Private,Active,Associate Degree,Fluent,No
Vagg,Non-Indigenous,Female,15,No,Public,Inactive,Associate Degree,Basic,No
Charlewood,Indigenous,Male,15,Yes,Public,Active,Masters Degree,Intermediate,No
Causey,Non-Indigenous,Female,28,Yes,Private,Active,Associate Degree,Fluent,No
de Keep,Non-Indigenous,Male,37,Yes,Public,Active,Bachelors Degree,Fluent,No
Mullinger,Non-Indigenous,Male,37,Yes,Public,Active,High School,Intermediate,Yes
aManger,Non-Indigenous,Female,20,No,Private,Active,Associate Degree,Fluent,No
Florentine,Non-Indigenous,Male,25,No,Private,Active,Bachelors Degree,Intermediate,No
Coldbath,Indigenous,Female,15,Yes,Public,Active,Bachelors Degree,Fluent,No
Hanford,Indigenous,Male,30,Yes,Public,Active,High School,Fluent,Yes
Cannam,Indigenous,Female,28,Yes,Public,Active,Bachelors Degree,Fluent,No
Bugg,Indigenous,Female,39,No,Private,Active,Bachelors Degree,Intermediate,No
Breacher,Indigenous,Male,38,Yes,Public,Active,Masters Degree,Basic,No
Mc Andrew,Indigenous,Male,28,Yes,Public,Inactive,Bachelors Degree,Fluent,No
Snoxall,Indigenous,Male,30,No,Public,Inactive,High School,Intermediate,Yes
Martinec,Non-Indigenous,Male,24,Yes,Public,Inactive,Bachelors Degree,Basic,No
Devanney,Non-Indigenous,Female,23,Yes,Public,Inactive,High School,Fluent,Yes
Cruden,Indigenous,Female,19,No,Public,Inactive,Associate Degree,Fluent,No
Domini,Indigenous,Female,35,No,Public,Inactive,Masters Degree,Basic,No
Boas,Indigenous,Male,16,No,Public,Inactive,Masters Degree,Fluent,No
Caunce,Indigenous,Female,19,Yes,Private,Active,Bachelors Degree,Fluent,No
Brozsset,Indigenous,Female,32,Yes,Public,Inactive,Associate Degree,Fluent,No
Compton,Indigenous,Female,26,Yes,Private,Inactive,Bachelors Degree,Fluent,No
Kempe,Indigenous,Male,20,Yes,Private,Active,High School,Intermediate,Yes
Cholonin,Non-Indigenous,Female,32,Yes,Private,Active,Masters Degree,Fluent,No
Scotchmor,Indigenous,Male,26,Yes,Public,Active,Associate Degree,Intermediate,No
Standbridge,Indigenous,Female,28,Yes,Public,Active,Bachelors Degree,Fluent,No
Dorning,Indigenous,Male,16,No,Private,Active,High School,Intermediate,Yes
Emloch,Indigenous,Male,28,Yes,Public,Inactive,Bachelors Degree,Fluent,No
Boltwood,Indigenous,Female,27,No,Private,Inactive,Bachelors Degree,Basic,No
Hutable,Non-Indigenous,Male,17,Yes,Private,Inactive,High School,Basic,Yes
Konzel,Indigenous,Male,30,Yes,Private,Active,High School,Fluent,Yes
Keaton,Non-Indigenous,Male,21,No,Private,Active,Masters Degree,Fluent,No
Braund,Indigenous,Male,33,No,Private,Active,Bachelors Degree,Basic,No
Eykelbosch,Non-Indigenous,Female,16,No,Public,Inactive,Bachelors Degree,Basic,No
Brabbins,Indigenous,Female,40,Yes,Public,Active,Associate Degree,Fluent,No
De Mico,Indigenous,Male,37,Yes,Public,Active,Masters Degree,Basic,No
Gudge,Non-Indigenous,Male,21,Yes,Private,Active,High School,Fluent,Yes
Nosworthy,Non-Indigenous,Female,19,Yes,Public,Active,Bachelors Degree,Fluent,No
Looney,Non-Indigenous,Female,21,No,Private,Inactive,Bachelors Degree,Basic,No
Cathersides,Indigenous,Male,35,No,Private,Active,Masters Degree,Intermediate,No
Prinnett,Non-Indigenous,Female,40,No,Public,Active,High School,Fluent,Yes
Christensen,Non-Indigenous,Male,40,Yes,Public,Active,Bachelors Degree,Basic,No
Bunner,Non-Indigenous,Male,15,Yes,Public,Inactive,Bachelors Degree,Fluent,No
Luther,Non-Indigenous,Male,31,No,Public,Inactive,Bachelors Degree,Fluent,No
Libbis,Non-Indigenous,Male,35,Yes,Public,Active,Bachelors Degree,Basic,No
Bennie,Non-Indigenous,Female,36,No,Private,Active,Bachelors Degree,Intermediate,No
McAughtry,Indigenous,Male,38,No,Public,Inactive,Bachelors Degree,Basic,No
Tricker,Non-Indigenous,Male,39,Yes,Private,Inactive,Masters Degree,Basic,No
Stepney,Non-Indigenous,Female,33,Yes,Private,Active,Masters Degree,Basic,No
Stern,Indigenous,Female,15,Yes,Public,Inactive,Bachelors Degree,Intermediate,No
Ambrogioli,Indigenous,Male,31,Yes,Private,Inactive,Associate Degree,Basic,No
Blewmen,Non-Indigenous,Male,29,Yes,Private,Inactive,High School,Fluent,Yes
Phillipps,Indigenous,Male,15,Yes,Private,Inactive,Associate Degree,Fluent,No
Rizzello,Non-Indigenous,Female,32,Yes,Private,Active,Bachelors Degree,Intermediate,No
Landsborough,Non-Indigenous,Male,38,Yes,Public,Active,Associate Degree,Fluent,No
Walling,Indigenous,Male,32,No,Private,Inactive,High School,Fluent,Yes
Blaskett,Indigenous,Male,20,Yes,Private,Inactive,High School,Fluent,Yes
Grumble,Non-Indigenous,Male,25,No,Public,Active,Masters Degree,Fluent,No
Wiltshire,Indigenous,Female,40,Yes,Private,Active,High School,Basic,Yes
Clawley,Indigenous,Male,17,No,Public,Inactive,High School,Intermediate,Yes
Rosenstein,Non-Indigenous,Male,39,No,Public,Inactive,High School,Basic,Yes
Rushmer,Non-Indigenous,Male,26,Yes,Private,Inactive,Associate Degree,Basic,No
Borg,Non-Indigenous,Female,23,Yes,Private,Active,Associate Degree,Intermediate,No
Marjot,Indigenous,Male,34,No,Public,Active,High School,Intermediate,Yes
Fox,Non-Indigenous,Female,37,Yes,Private,Active,Masters Degree,Intermediate,No
Steggles,Non-Indigenous,Female,37,No,Private,Inactive,High School,Intermediate,Yes
Feathers,Indigenous,Female,22,No,Public,Inactive,Masters Degree,Fluent,No
McLoney,Non-Indigenous,Female,38,No,Public,Active,High School,Intermediate,Yes
Dumelow,Non-Indigenous,Male,20,Yes,Private,Inactive,Bachelors Degree,Fluent,No
Fells,Non-Indigenous,Male,20,No,Private,Inactive,Bachelors Degree,Fluent,No
Meriel,Non-Indigenous,Female,21,No,Private,Inactive,Associate Degree,Basic,No
Dumbreck,Non-Indigenous,Male,39,Yes,Private,Active,Masters Degree,Basic,No
Gabbot,Non-Indigenous,Male,15,Yes,Public,Inactive,Bachelors Degree,Basic,No
Naper,Non-Indigenous,Male,38,Yes,Public,Inactive,Masters Degree,Fluent,No
Joseph,Indigenous,Male,27,No,Public,Inactive,High School,Fluent,Yes
Dillaway,Non-Indigenous,Male,18,Yes,Public,Inactive,Associate Degree,Intermediate,No
Agget,Non-Indigenous,Female,21,Yes,Public,Inactive,Masters Degree,Fluent,No
Landre,Indigenous,Male,40,Yes,Public,Inactive,Associate Degree,Basic,No
Jepps,Non-Indigenous,Male,24,Yes,Public,Active,Bachelors Degree,Basic,No
Sellner,Non-Indigenous,Male,40,Yes,Public,Inactive,Bachelors Degree,Intermediate,No
Glassford,Non-Indigenous,Female,22,No,Private,Active,Bachelors Degree,Intermediate,No
Revel,Non-Indigenous,Female,34,No,Private,Active,Associate Degree,Basic,No
Ciani,Indigenous,Male,34,No,Private,Active,Bachelors Degree,Fluent,No
Scotchford,Non-Indigenous,Female,40,No,Private,Active,Bachelors Degree,Intermediate,No
Males,Non-Indigenous,Male,19,Yes,Private,Inactive,Masters Degree,Basic,No
Ghio,Indigenous,Male,29,Yes,Public,Active,Bachelors Degree,Basic,No
Wansbury,Non-Indigenous,Female,27,Yes,Public,Inactive,Bachelors Degree,Fluent,No
Ivantyev,Non-Indigenous,Male,38,Yes,Private,Active,High School,Basic,Yes
Olenikov,Indigenous,Female,18,Yes,Private,Active,Masters Degree,Basic,No
Durbann,Indigenous,Female,26,Yes,Private,Active,Bachelors Degree,Basic,No
Lulham,Non-Indigenous,Female,36,No,Private,Active,High School,Basic,Yes
Kabos,Indigenous,Male,31,Yes,Public,Active,Associate Degree,Fluent,No
Forber,Non-Indigenous,Male,26,Yes,Public,Inactive,High School,Fluent,Yes
Weatherburn,Non-Indigenous,Male,15,No,Private,Active,High School,Intermediate,Yes
Bacop,Non-Indigenous,Female,28,Yes,Public,Active,Associate Degree,Intermediate,No
Jopson,Non-Indigenous,Female,23,No,Private,Inactive,Bachelors Degree,Fluent,No
Laffin,Non-Indigenous,Male,35,No,Public,Inactive,Associate Degree,Fluent,No
Brackenridge,Indigenous,Female,22,No,Private,Inactive,Associate Degree,Basic,No
Barrett,Non-Indigenous,Male,20,No,Private,Inactive,Associate Degree,Fluent,No
Giraudoux,Non-Indigenous,Female,25,Yes,Private,Inactive,Bachelors Degree,Fluent,No
Roggers,Non-Indigenous,Male,17,No,Private,Inactive,Masters Degree,Intermediate,No
Kenwyn,Non-Indigenous,Male,17,Yes,Private,Active,Bachelors Degree,Fluent,No
Castagneri,Non-Indigenous,Male,27,No,Private,Active,Masters Degree,Fluent,No
Dinsale,Non-Indigenous,Female,36,No,Public,Active,Masters Degree,Basic,No
Sickert,Indigenous,Female,20,Yes,Private,Inactive,Masters Degree,Intermediate,No
Gentery,Non-Indigenous,Male,15,Yes,Private,Active,Associate Degree,Intermediate,No
Hydes,Non-Indigenous,Male,35,No,Private,Active,Associate Degree,Basic,No
Friett,Indigenous,Male,35,No,Private,Inactive,Associate Degree,Fluent,No
Heinish,Indigenous,Male,26,Yes,Private,Inactive,High School,Intermediate,Yes
Gildersleeve,Indigenous,Female,33,No,Private,Inactive,Bachelors Degree,Intermediate,No
Presnail,Indigenous,Male,33,No,Private,Inactive,Associate Degree,Intermediate,No
Pickthall,Non-Indigenous,Female,31,No,Public,Inactive,Associate Degree,Fluent,No
Dorsey,Indigenous,Male,39,No,Private,Inactive,High School,Basic,Yes
Delcastel,Indigenous,Female,18,No,Private,Inactive,Masters Degree,Basic,No
Onion,Indigenous,Male,18,No,Private,Inactive,Masters Degree,Intermediate,No
Moncrefe,Non-Indigenous,Female,18,Yes,Private,Inactive,Associate Degree,Intermediate,No
Simukov,Non-Indigenous,Female,22,Yes,Private,Inactive,Bachelors Degree,Fluent,No
Mangin,Non-Indigenous,Female,40,No,Private,Inactive,Masters Degree,Intermediate,No
Isack,Non-Indigenous,Female,24,Yes,Private,Active,Masters Degree,Intermediate,No
Duff,Indigenous,Male,26,Yes,Public,Active,Masters Degree,Intermediate,No
Lattka,Non-Indigenous,Male,26,No,Private,Active,Associate Degree,Basic,No
Mainson,Non-Indigenous,Female,30,Yes,Private,Inactive,Bachelors Degree,Intermediate,No
Senior,Non-Indigenous,Female,35,Yes,Public,Inactive,High School,Fluent,Yes
Bollard,Non-Indigenous,Male,29,Yes,Public,Active,High School,Basic,Yes
Comins,Non-Indigenous,Male,37,Yes,Private,Inactive,Associate Degree,Basic,No
Sinncock,Non-Indigenous,Male,26,No,Public,Active,High School,Fluent,Yes
O'Neal,Indigenous,Male,26,Yes,Private,Active,Bachelors Degree,Intermediate,No
Platfoot,Non-Indigenous,Male,19,Yes,Private,Inactive,Associate Degree,Intermediate,No
Hallen,Non-Indigenous,Female,36,No,Public,Inactive,Bachelors Degree,Basic,No
Trebbett,Indigenous,Male,22,Yes,Public,Active,High School,Basic,Yes
Chuter,Non-Indigenous,Female,37,No,Public,Active,Associate Degree,Fluent,No
Lambrick,Non-Indigenous,Male,36,No,Private,Inactive,Associate Degree,Intermediate,No
Pollen,Indigenous,Male,39,No,Public,Inactive,High School,Basic,Yes
Gibbs,Non-Indigenous,Male,24,No,Public,Active,High School,Fluent,Yes
Scarlet,Non-Indigenous,Female,38,No,Public,Active,Masters Degree,Basic,No
Stook,Non-Indigenous,Male,37,No,Public,Active,High School,Basic,Yes
Sorro,Non-Indigenous,Female,38,No,Private,Active,Masters Degree,Fluent,No
Woods,Indigenous,Female,28,Yes,Private,Active,Associate Degree,Intermediate,No
Bellow,Non-Indigenous,Male,17,Yes,Private,Inactive,High School,Basic,Yes
Lemmanbie,Non-Indigenous,Female,31,Yes,Private,Inactive,Masters Degree,Fluent,No
Copping,Indigenous,Female,37,Yes,Private,Inactive,Masters Degree,Basic,No
Yurin,Indigenous,Male,33,No,Private,Active,Masters Degree,Basic,No
Danbi,Non-Indigenous,Male,31,No,Public,Active,Associate Degree,Fluent,No
Capelle,Non-Indigenous,Female,37,Yes,Private,Active,High School,Basic,Yes
Hook,Non-Indigenous,Female,39,No,Public,Inactive,Masters Degree,Basic,No
Fellibrand,Indigenous,Female,15,No,Public,Inactive,Masters Degree,Fluent,No
O'Flaverty,Non-Indigenous,Female,36,No,Private,Inactive,Associate Degree,Basic,No
Ordish,Indigenous,Female,38,No,Public,Active,Associate Degree,Basic,No
Gerrelts,Indigenous,Female,22,Yes,Public,Inactive,Masters Degree,Basic,No
Noli,Non-Indigenous,Male,33,No,Public,Active,High School,Basic,Yes
Burlingame,Non-Indigenous,Male,32,Yes,Public,Inactive,Masters Degree,Fluent,No
O'Doireidh,Indigenous,Male,30,Yes,Private,Inactive,Associate Degree,Intermediate,No
Diggar,Non-Indigenous,Female,17,Yes,Private,Active,High School,Intermediate,Yes
Huton,Non-Indigenous,Female,21,No,Public,Inactive,Bachelors Degree,Fluent,No
Tullis,Non-Indigenous,Male,25,Yes,Private,Active,Masters Degree,Intermediate,No
Tappington,Indigenous,Female,20,Yes,Public,Active,High School,Fluent,Yes
Leat,Indigenous,Male,36,No,Public,Inactive,Associate Degree,Intermediate,No
Chaston,Non-Indigenous,Female,20,Yes,Private,Inactive,High School,Intermediate,Yes
De Bischop,Non-Indigenous,Female,16,Yes,Public,Active,Masters Degree,Intermediate,No
Figg,Indigenous,Female,17,Yes,Private,Active,Masters Degree,Intermediate,No
Redler,Indigenous,Female,25,Yes,Public,Active,Bachelors Degree,Fluent,No
Breeder,Indigenous,Male,39,Yes,Public,Inactive,Bachelors Degree,Fluent,No
Cant,Non-Indigenous,Female,38,Yes,Public,Active,High School,Intermediate,Yes
Fetter,Non-Indigenous,Female,22,No,Private,Inactive,Bachelors Degree,Fluent,No
Ivy,Indigenous,Male,33,Yes,Private,Active,Associate Degree,Basic,No
Minor,Indigenous,Female,26,No,Private,Active,Associate Degree,Intermediate,No
Niesel,Non-Indigenous,Female,23,Yes,Private,Active,High School,Intermediate,Yes
Grishmanov,Non-Indigenous,Female,15,No,Private,Active,Masters Degree,Fluent,No
Johncey,Non-Indigenous,Female,25,Yes,Public,Inactive,Masters Degree,Basic,No
Roskams,Non-Indigenous,Female,25,Yes,Private,Inactive,Masters Degree,Fluent,No
Pieracci,Non-Indigenous,Female,30,Yes,Private,Active,High School,Fluent,Yes
Carnoghan,Non-Indigenous,Male,15,No,Public,Active,Associate Degree,Basic,No
Bernardos,Non-Indigenous,Male,25,Yes,Public,Inactive,High School,Intermediate,Yes
Cherrie,Non-Indigenous,Female,39,Yes,Public,Active,Masters Degree,Basic,No
Tennet,Indigenous,Female,40,Yes,Public,Inactive,Associate Degree,Basic,No
Cunningham,Indigenous,Female,39,No,Private,Inactive,Associate Degree,Fluent,No
Cairney,Indigenous,Male,22,Yes,Private,Inactive,High School,Basic,Yes
Bradford,Non-Indigenous,Female,22,No,Public,Inactive,Bachelors Degree,Basic,No
Bartul,Indigenous,Male,36,No,Public,Active,High School,Fluent,Yes
Vasishchev,Indigenous,Male,26,Yes,Private,Active,Masters Degree,Fluent,No
Laughtisse,Indigenous,Female,29,Yes,Private,Active,Masters Degree,Intermediate,No
Elia,Non-Indigenous,Female,40,Yes,Private,Active,Bachelors Degree,Basic,No
Coggill,Non-Indigenous,Female,38,Yes,Public,Active,Bachelors Degree,Fluent,No
Shackelton,Non-Indigenous,Male,39,No,Private,Inactive,Masters Degree,Basic,No
Bazylets,Indigenous,Male,25,Yes,Public,Active,High School,Fluent,Yes
Youens,Non-Indigenous,Male,18,No,Private,Active,Bachelors Degree,Basic,No
Pettersen,Non-Indigenous,Male,30,Yes,Public,Inactive,Masters Degree,Basic,No
Jonsson,Indigenous,Female,15,No,Private,Inactive,Masters Degree,Basic,No
Jeff,Indigenous,Male,29,Yes,Public,Active,Masters Degree,Intermediate,No
Giorgiutti,Non-Indigenous,Female,40,No,Private,Active,Bachelors Degree,Intermediate,No
Binnion,Non-Indigenous,Female,40,No,Private,Active,High School,Intermediate,Yes
Brotherheed,Non-Indigenous,Male,37,Yes,Public,Active,High School,Basic,Yes
Canape,Non-Indigenous,Male,17,Yes,Public,Active,High School,Fluent,Yes
Greave,Indigenous,Female,16,No,Public,Active,Bachelors Degree,Fluent,No
Gabe,Indigenous,Male,24,Yes,Private,Active,Bachelors Degree,Fluent,No
Buttery,Indigenous,Male,19,No,Private,Inactive,Masters Degree,Fluent,No
Rodwell,Indigenous,Male,30,Yes,Public,Active,High School,Basic,Yes
Tomaszewicz,Non-Indigenous,Male,39,Yes,Public,Active,High School,Fluent,Yes
Daughtrey,Non-Indigenous,Female,35,No,Private,Active,Masters Degree,Fluent,No
Thompson,Indigenous,Female,18,No,Public,Inactive,High School,Intermediate,Yes
Giamo,Indigenous,Male,27,Yes,Public,Active,Masters Degree,Fluent,No
Betke,Non-Indigenous,Female,32,No,Private,Inactive,Masters Degree,Intermediate,No
Van Leijs,Indigenous,Female,21,Yes,Public,Inactive,Associate Degree,Intermediate,No
Ells,Non-Indigenous,Female,38,Yes,Private,Inactive,Associate Degree,Basic,No
Woollard,Non-Indigenous,Male,27,No,Private,Inactive,Bachelors Degree,Basic,No
Sprakes,Non-Indigenous,Female,33,No,Public,Active,High School,Intermediate,Yes
Mirrlees,Non-Indigenous,Female,27,Yes,Public,Inactive,Bachelors Degree,Basic,No
Budget,Indigenous,Female,39,No,Public,Active,Associate Degree,Fluent,No
Sibley,Indigenous,Male,38,No,Private,Inactive,Bachelors Degree,Intermediate,No
Jobling,Indigenous,Female,20,Yes,Public,Active,Masters Degree,Fluent,No
Littledike,Indigenous,Female,29,No,Public,Active,Bachelors Degree,Intermediate,No
Burgan,Indigenous,Male,31,Yes,Private,Inactive,High School,Basic,Yes
Kyles,Non-Indigenous,Female,19,No,Private,Active,Bachelors Degree,Fluent,No
Nield,Non-Indigenous,Female,32,No,Public,Active,Associate Degree,Fluent,No
Trustrie,Indigenous,Male,32,No,Private,Inactive,High School,Basic,Yes
Hammor,Non-Indigenous,Female,39,No,Public,Active,Bachelors Degree,Basic,No
Freak,Indigenous,Female,37,No,Public,Active,High School,Intermediate,Yes
Alcock,Indigenous,Male,34,No,Private,Active,Masters Degree,Intermediate,No
Balnave,Indigenous,Female,21,Yes,Public,Inactive,Bachelors Degree,Intermediate,No
O' Meara,Indigenous,Female,30,No,Private,Inactive,Bachelors Degree,Intermediate,No
Sircombe,Non-Indigenous,Male,34,No,Private,Active,Masters Degree,Intermediate,No
Angerstein,Non-Indigenous,Female,17,No,Public,Active,Associate Degree,Intermediate,No
Boyford,Non-Indigenous,Female,36,No,Public,Inactive,Masters Degree,Intermediate,No
Banasik,Indigenous,Female,24,Yes,Private,Active,High School,Basic,Yes
McCullough,Non-Indigenous,Female,22,No,Public,Active,Associate Degree,Fluent,No
Brimilcombe,Non-Indigenous,Male,21,Yes,Public,Inactive,High School,Basic,Yes
Pollastrino,Indigenous,Male,24,Yes,Public,Active,Masters Degree,Basic,No
Ruggier,Non-Indigenous,Female,40,No,Private,Inactive,High School,Intermediate,Yes
Horsewood,Non-Indigenous,Male,32,No,Public,Active,Bachelors Degree,Intermediate,No
Gecke,Non-Indigenous,Female,17,Yes,Public,Active,High School,Fluent,Yes
Ditts,Non-Indigenous,Female,31,No,Private,Active,High School,Intermediate,Yes
Brolan,Non-Indigenous,Female,27,Yes,Public,Active,Associate Degree,Fluent,No
Duggon,Non-Indigenous,Male,29,Yes,Private,Active,Masters Degree,Intermediate,No
Burberry,Indigenous,Female,37,No,Private,Inactive,Bachelors Degree,Intermediate,No
Glaysher,Indigenous,Male,23,No,Private,Inactive,Masters Degree,Intermediate,No
Basnett,Indigenous,Female,19,No,Public,Active,Masters Degree,Intermediate,No
Macknish,Indigenous,Male,31,No,Public,Inactive,Associate Degree,Fluent,No
Zoppie,Non-Indigenous,Male,24,No,Public,Active,Bachelors Degree,Basic,No
Sibery,Indigenous,Male,33,No,Private,Inactive,Associate Degree,Intermediate,No
Gravey,Indigenous,Male,36,No,Public,Active,High School,Basic,Yes
Coveney,Non-Indigenous,Female,15,Yes,Private,Inactive,Masters Degree,Fluent,No
Durak,Indigenous,Male,17,No,Private,Inactive,High School,Intermediate,Yes
Webber,Non-Indigenous,Female,22,Yes,Private,Inactive,Associate Degree,Basic,No
Neaverson,Non-Indigenous,Female,32,No,Private,Inactive,Masters Degree,Basic,No
Littler,Non-Indigenous,Male,18,Yes,Private,Active,Bachelors Degree,Fluent,No
Duker,Indigenous,Female,16,No,Private,Inactive,High School,Fluent,Yes
Locarno,Indigenous,Female,37,Yes,Private,Active,High School,Fluent,Yes
Toopin,Indigenous,Male,21,Yes,Public,Inactive,Masters Degree,Intermediate,No
Vankin,Non-Indigenous,Female,25,No,Private,Active,Bachelors Degree,Basic,No
Marusyak,Indigenous,Female,38,No,Private,Active,Bachelors Degree,Basic,No
Prestney,Non-Indigenous,Female,21,No,Private,Inactive,Bachelors Degree,Basic,No
Reddyhoff,Non-Indigenous,Female,27,Yes,Private,Active,Associate Degree,Fluent,No
Bezzant,Indigenous,Male,21,No,Private,Active,Masters Degree,Intermediate,No
McKinley,Non-Indigenous,Female,28,No,Public,Active,Associate Degree,Basic,No
Dulton,Indigenous,Male,28,No,Public,Active,Associate Degree,Intermediate,No
Carslake,Non-Indigenous,Male,17,No,Public,Active,Associate Degree,Basic,No
O'Hollegan,Indigenous,Female,22,Yes,Private,Active,Associate Degree,Basic,No
Mor,Non-Indigenous,Female,29,No,Public,Active,Bachelors Degree,Intermediate,No
Minnette,Indigenous,Male,26,No,Private,Active,High School,Intermediate,Yes
Popland,Indigenous,Female,33,Yes,Public,Inactive,Masters Degree,Intermediate,No
Lung,Indigenous,Female,21,No,Private,Inactive,High School,Intermediate,Yes
Georghiou,Non-Indigenous,Female,36,Yes,Private,Active,Associate Degree,Intermediate,No
Mulderrig,Non-Indigenous,Male,27,Yes,Public,Inactive,High School,Basic,Yes
Graeme,Non-Indigenous,Male,29,Yes,Private,Active,Bachelors Degree,Intermediate,No
Braizier,Indigenous,Female,33,No,Public,Active,Masters Degree,Intermediate,No
Kinsey,Non-Indigenous,Male,23,Yes,Private,Active,High School,Intermediate,Yes
Hamblen,Non-Indigenous,Male,17,No,Public,Active,Bachelors Degree,Fluent,No
Feathers,Indigenous,Male,24,No,Public,Active,Masters Degree,Fluent,No
Moggle,Non-Indigenous,Female,16,No,Public,Active,Associate Degree,Basic,No
Ronaghan,Indigenous,Male,15,Yes,Public,Inactive,Bachelors Degree,Basic,No
Piggin,Non-Indigenous,Female,35,No,Public,Inactive,High School,Fluent,Yes
Crabbe,Non-Indigenous,Male,26,Yes,Private,Inactive,Masters Degree,Intermediate,No
Grumble,Indigenous,Female,19,Yes,Public,Active,Bachelors Degree,Intermediate,No
Winstone,Indigenous,Male,21,Yes,Public,Active,Associate Degree,Basic,No
Lucien,Indigenous,Female,31,No,Public,Active,High School,Basic,Yes
Barson,Non-Indigenous,Male,24,No,Public,Active,Masters Degree,Intermediate,No
Desouza,Indigenous,Male,31,No,Public,Active,Masters Degree,Basic,No
Lubman,Non-Indigenous,Female,32,Yes,Public,Inactive,Associate Degree,Basic,No
Batteson,Non-Indigenous,Female,28,Yes,Private,Active,Masters Degree,Intermediate,No
Trowill,Indigenous,Male,33,No,Private,Inactive,High School,Intermediate,Yes
Juszczyk,Non-Indigenous,Female,36,No,Private,Active,Associate Degree,Fluent,No
Wickmann,Indigenous,Male,37,Yes,Public,Inactive,Associate Degree,Basic,No
Caroll,Indigenous,Male,31,Yes,Private,Inactive,Associate Degree,Basic,No
Blunden,Indigenous,Male,39,Yes,Public,Active,Associate Degree,Basic,No
Cheyney,Non-Indigenous,Male,22,No,Private,Active,High School,Intermediate,Yes
Maymand,Non-Indigenous,Male,35,No,Public,Inactive,High School,Intermediate,Yes
Kopfen,Indigenous,Male,32,Yes,Private,Active,Masters Degree,Basic,No
Matovic,Indigenous,Male,17,No,Private,Active,Bachelors Degree,Intermediate,No
Gaythorpe,Indigenous,Female,40,Yes,Private,Inactive,Associate Degree,Basic,No
Lampett,Indigenous,Female,31,No,Private,Inactive,High School,Intermediate,Yes
Dalzell,Non-Indigenous,Male,25,Yes,Public,Active,Bachelors Degree,Basic,No
Aleksankin,Non-Indigenous,Female,37,No,Private,Active,Bachelors Degree,Fluent,No
Gilderoy,Non-Indigenous,Male,26,Yes,Public,Active,Bachelors Degree,Fluent,No
Maudett,Indigenous,Female,25,No,Private,Active,Masters Degree,Basic,No
Bodemeaid,Indigenous,Female,32,No,Private,Active,Associate Degree,Intermediate,No
Ciubutaro,Non-Indigenous,Female,18,Yes,Private,Active,Associate Degree,Basic,No
Alvey,Indigenous,Female,16,Yes,Private,Inactive,Masters Degree,Intermediate,No
Jehan,Indigenous,Female,33,Yes,Public,Inactive,Masters Degree,Basic,No
Erridge,Indigenous,Female,21,No,Private,Active,Masters Degree,Intermediate,No
Berrigan,Non-Indigenous,Female,37,No,Private,Active,Bachelors Degree,Intermediate,No
Dowle,Indigenous,Female,18,Yes,Private,Active,Bachelors Degree,Basic,No
Ferrone,Non-Indigenous,Female,40,Yes,Public,Active,High School,Intermediate,Yes
Mouncey,Non-Indigenous,Male,23,No,Public,Active,Masters Degree,Fluent,No
Mallabon,Indigenous,Female,34,No,Private,Inactive,Bachelors Degree,Intermediate,No
McGraw,Indigenous,Female,32,Yes,Private,Active,High School,Intermediate,Yes
Kelway,Indigenous,Female,35,Yes,Private,Active,Masters Degree,Intermediate,No
Le Grice,Non-Indigenous,Male,39,No,Public,Inactive,Associate Degree,Fluent,No
Harvison,Non-Indigenous,Female,16,No,Private,Active,Associate Degree,Fluent,No
Harlowe,Non-Indigenous,Female,24,Yes,Public,Inactive,Associate Degree,Basic,No
Gamet,Indigenous,Male,22,Yes,Public,Inactive,Masters Degree,Basic,No
Ketton,Non-Indigenous,Male,31,Yes,Private,Active,Bachelors Degree,Fluent,No
Bollam,Indigenous,Male,26,No,Private,Active,Bachelors Degree,Basic,No
Abreheart,Non-Indigenous,Male,37,Yes,Private,Active,Associate Degree,Basic,No
Hussey,Non-Indigenous,Female,35,No,Private,Active,Masters Degree,Basic,No
Spiring,Indigenous,Female,36,No,Public,Active,Associate Degree,Basic,No
Witherspoon,Non-Indigenous,Female,29,Yes,Private,Inactive,Bachelors Degree,Intermediate,No
Kiera,Indigenous,Female,31,No,Private,Inactive,Masters Degree,Basic,No
Boame,Non-Indigenous,Male,18,No,Public,Inactive,Associate Degree,Fluent,No
Aleixo,Indigenous,Female,40,Yes,Public,Inactive,Masters Degree,Basic,No
Folbigg,Non-Indigenous,Female,38,No,Private,Active,Bachelors Degree,Fluent,No
Fluit,Indigenous,Male,39,Yes,Private,Active,Associate Degree,Intermediate,No
Dell,Non-Indigenous,Female,24,Yes,Public,Inactive,High School,Fluent,Yes
O'Sheils,Indigenous,Male,32,No,Public,Active,Associate Degree,Intermediate,No
Elwin,Non-Indigenous,Male,27,Yes,Private,Inactive,Masters Degree,Basic,No
Ennals,Indigenous,Female,37,Yes,Public,Inactive,Masters Degree,Intermediate,No
Keepe,Indigenous,Female,37,No,Private,Inactive,Masters Degree,Basic,No
Billison,Non-Indigenous,Male,34,Yes,Private,Inactive,Associate Degree,Basic,No
Cagan,Indigenous,Male,38,Yes,Private,Inactive,High School,Fluent,Yes
Meece,Non-Indigenous,Female,25,Yes,Private,Inactive,Associate Degree,Intermediate,No
Aleksandrov,Indigenous,Female,21,No,Private,Active,Associate Degree,Basic,No
Linde,Indigenous,Female,35,Yes,Public,Inactive,Masters Degree,Fluent,No
Furmagier,Indigenous,Male,16,No,Private,Inactive,High School,Basic,Yes
Killoran,Indigenous,Male,29,Yes,Public,Inactive,Bachelors Degree,Fluent,No
Dunham,Indigenous,Female,15,No,Public,Inactive,High School,Fluent,Yes
Tremellier,Non-Indigenous,Female,26,Yes,Public,Active,High School,Basic,Yes
Simonnet,Indigenous,Male,17,Yes,Private,Inactive,Associate Degree,Fluent,No
Cubbinelli,Non-Indigenous,Female,21,Yes,Private,Active,Bachelors Degree,Intermediate,No
Huyhton,Non-Indigenous,Male,36,Yes,Private,Active,Associate Degree,Fluent,No
Schutt,Non-Indigenous,Female,32,Yes,Public,Active,Associate Degree,Basic,No
Demer,Indigenous,Male,24,Yes,Private,Active,Associate Degree,Intermediate,No
Filipovic,Indigenous,Male,20,No,Private,Inactive,Bachelors Degree,Basic,No
Rawsen,Indigenous,Female,35,No,Public,Active,Associate Degree,Intermediate,No
Luke,Indigenous,Female,29,Yes,Public,Inactive,Associate Degree,Fluent,No
Runciman,Indigenous,Female,27,Yes,Private,Inactive,High School,Intermediate,Yes
Haxley,Non-Indigenous,Male,34,Yes,Private,Inactive,High School,Intermediate,Yes
Gurge,Non-Indigenous,Female,24,Yes,Private,Active,Associate Degree,Basic,No
Abramovitz,Indigenous,Male,27,Yes,Private,Inactive,Masters Degree,Basic,No
Palffrey,Indigenous,Male,30,Yes,Private,Active,Masters Degree,Intermediate,No
Book,Indigenous,Female,30,Yes,Private,Active,Bachelors Degree,Basic,No
Abrahamowitcz,Non-Indigenous,Female,22,No,Private,Inactive,Bachelors Degree,Basic,No
Dufall,Indigenous,Male,15,Yes,Public,Active,Bachelors Degree,Intermediate,No
Brosius,Indigenous,Female,24,No,Private,Inactive,High School,Intermediate,Yes
Narramor,Indigenous,Male,39,Yes,Private,Inactive,High School,Intermediate,Yes
O'Nion,Non-Indigenous,Male,21,Yes,Public,Inactive,Associate Degree,Basic,No
Rulton,Indigenous,Male,30,Yes,Public,Inactive,Bachelors Degree,Intermediate,No
Audas,Indigenous,Female,24,Yes,Public,Inactive,High School,Basic,Yes
Behning,Indigenous,Female,29,No,Private,Active,Associate Degree,Fluent,No
Wibberley,Indigenous,Male,33,Yes,Public,Inactive,Masters Degree,Intermediate,No
Schohier,Non-Indigenous,Female,28,No,Private,Active,Associate Degree,Fluent,No
Liepina,Indigenous,Male,25,Yes,Public,Inactive,High School,Basic,Yes
Armatys,Indigenous,Female,23,No,Private,Inactive,Bachelors Degree,Intermediate,No
Byne,Indigenous,Female,24,Yes,Private,Active,High School,Intermediate,Yes
Jeffree,Indigenous,Female,33,No,Private,Inactive,Masters Degree,Fluent,No
Rottery,Non-Indigenous,Female,26,No,Public,Inactive,Associate Degree,Fluent,No
Michelet,Non-Indigenous,Male,19,Yes,Public,Active,Masters Degree,Intermediate,No
Antonin,Non-Indigenous,Female,23,No,Public,Inactive,Masters Degree,Intermediate,No
McLelland,Indigenous,Female,20,Yes,Private,Active,Bachelors Degree,Fluent,No
Whiff,Indigenous,Female,31,No,Private,Inactive,Masters Degree,Intermediate,No
Cellier,Indigenous,Male,16,Yes,Public,Active,Masters Degree,Basic,No
Quaif,Non-Indigenous,Female,20,Yes,Public,Inactive,Associate Degree,Intermediate,No
Cox,Non-Indigenous,Female,38,Yes,Public,Active,High School,Basic,Yes
Brimblecombe,Non-Indigenous,Male,23,No,Private,Inactive,Masters Degree,Basic,No
Doumerc,Non-Indigenous,Female,15,No,Public,Inactive,High School,Intermediate,Yes
Posse,Non-Indigenous,Female,27,Yes,Private,Active,Masters Degree,Basic,No
Bestwick,Non-Indigenous,Male,20,No,Public,Inactive,Associate Degree,Intermediate,No
Barajas,Non-Indigenous,Female,19,No,Public,Active,Masters Degree,Basic,No
Cabera,Non-Indigenous,Female,19,No,Private,Inactive,Bachelors Degree,Fluent,No
Fifoot,Indigenous,Female,40,No,Public,Active,High School,Fluent,Yes
Bengall,Non-Indigenous,Female,37,Yes,Private,Active,High School,Fluent,Yes
Ashley,Non-Indigenous,Male,19,No,Private,Inactive,Associate Degree,Fluent,No
Buer,Indigenous,Female,26,No,Public,Active,Associate Degree,Basic,No
Reddan,Indigenous,Female,19,Yes,Public,Active,Associate Degree,Basic,No
McCandie,Non-Indigenous,Male,20,Yes,Public,Inactive,High School,Intermediate,Yes
Trenaman,Indigenous,Male,17,Yes,Private,Inactive,Masters Degree,Fluent,No
Prevost,Non-Indigenous,Male,35,Yes,Public,Active,Bachelors Degree,Basic,No
Schieferstein,Indigenous,Male,32,No,Private,Active,Bachelors Degree,Fluent,No
Matyasik,Non-Indigenous,Male,38,Yes,Public,Active,High School,Fluent,Yes
Harding,Non-Indigenous,Male,17,No,Public,Active,Masters Degree,Fluent,No
Mapledoram,Non-Indigenous,Male,38,No,Private,Active,Associate Degree,Fluent,No
Offener,Indigenous,Female,36,No,Private,Active,High School,Intermediate,Yes
Kedge,Indigenous,Male,40,Yes,Private,Active,High School,Basic,Yes
Gingles,Indigenous,Female,37,Yes,Private,Active,Associate Degree,Basic,No
Fould,Non-Indigenous,Male,25,Yes,Public,Inactive,Bachelors Degree,Intermediate,No
Whatley,Indigenous,Female,35,No,Private,Inactive,Masters Degree,Intermediate,No
Littlecote,Indigenous,Female,18,No,Private,Active,Bachelors Degree,Basic,No
Willment,Non-Indigenous,Male,36,Yes,Private,Active,High School,Basic,Yes
Windaybank,Indigenous,Female,38,Yes,Private,Inactive,Masters Degree,Fluent,No
Spackman,Non-Indigenous,Male,32,No,Public,Inactive,Bachelors Degree,Intermediate,No
De Caville,Non-Indigenous,Female,40,No,Private,Active,Associate Degree,Fluent,No
Mullinder,Non-Indigenous,Male,29,No,Public,Active,Associate Degree,Basic,No
Torbett,Non-Indigenous,Female,37,No,Private,Inactive,Associate Degree,Intermediate,No
Saintsbury,Non-Indigenous,Male,33,No,Private,Inactive,Masters Degree,Fluent,No
Giacomelli,Indigenous,Female,30,No,Private,Active,Masters Degree,Fluent,No
Pryce,Indigenous,Male,21,Yes,Private,Inactive,Masters Degree,Intermediate,No
Mixworthy,Non-Indigenous,Female,35,Yes,Public,Active,Bachelors Degree,Fluent,No
Coatman,Indigenous,Female,28,Yes,Public,Active,Masters Degree,Basic,No
Bagnold,Indigenous,Male,39,Yes,Public,Active,Masters Degree,Basic,No
Biddlecombe,Non-Indigenous,Female,38,No,Public,Inactive,High School,Fluent,Yes
Karpenya,Indigenous,Male,22,No,Private,Active,Bachelors Degree,Basic,No
Sustin,Non-Indigenous,Male,32,No,Public,Inactive,Masters Degree,Fluent,No
Blagden,Non-Indigenous,Female,35,Yes,Public,Inactive,Associate Degree,Basic,No
Levey,Indigenous,Female,35,No,Public,Active,Associate Degree,Basic,No
Tallboy,Indigenous,Male,16,No,Private,Active,Associate Degree,Fluent,No
Leathley,Non-Indigenous,Female,30,No,Public,Inactive,High School,Intermediate,Yes
Ponsford,Non-Indigenous,Female,31,No,Public,Active,Bachelors Degree,Intermediate,No
Hugli,Indigenous,Female,17,No,Public,Active,Associate Degree,Fluent,No
Bevir,Indigenous,Female,39,No,Public,Inactive,Associate Degree,Fluent,No
Kingescot,Indigenous,Male,19,Yes,Public,Inactive,Masters Degree,Basic,No
Frigout,Non-Indigenous,Female,36,No,Private,Inactive,Bachelors Degree,Fluent,No
Caston,Non-Indigenous,Female,31,No,Private,Inactive,High School,Basic,Yes
Corkett,Indigenous,Female,31,No,Public,Inactive,Bachelors Degree,Intermediate,No
Kinlock,Non-Indigenous,Male,15,No,Private,Inactive,Associate Degree,Fluent,No
Sarfas,Non-Indigenous,Male,24,No,Public,Active,Associate Degree,Basic,No
Coronado,Non-Indigenous,Female,21,No,Public,Inactive,Masters Degree,Intermediate,No
Sheber,Non-Indigenous,Male,26,No,Private,Active,High School,Basic,Yes
Longhorn,Indigenous,Female,37,Yes,Private,Active,Bachelors Degree,Basic,No
Jossel,Indigenous,Female,34,No,Private,Active,Bachelors Degree,Intermediate,No
Noye,Non-Indigenous,Male,21,Yes,Public,Active,Associate Degree,Basic,No
Bunston,Non-Indigenous,Female,29,Yes,Public,Inactive,Associate Degree,Fluent,No
Beckles,Indigenous,Male,22,Yes,Public,Active,Associate Degree,Fluent,No
Darke,Indigenous,Female,29,No,Public,Active,High School,Intermediate,Yes
Galland,Indigenous,Female,28,Yes,Public,Active,High School,Intermediate,Yes
Newbegin,Indigenous,Male,40,No,Public,Active,Associate Degree,Intermediate,No
Elias,Non-Indigenous,Female,37,No,Public,Inactive,High School,Intermediate,Yes
Nevin,Non-Indigenous,Female,20,No,Private,Inactive,Associate Degree,Basic,No
Alders,Indigenous,Male,29,No,Private,Active,Associate Degree,Fluent,No
Bendelow,Non-Indigenous,Male,35,Yes,Public,Active,High School,Fluent,Yes
Almey,Indigenous,Female,18,No,Private,Active,Associate Degree,Basic,No
Kalderon,Indigenous,Male,24,No,Public,Active,Masters Degree,Intermediate,No
Shires,Indigenous,Female,33,Yes,Public,Active,Associate Degree,Fluent,No
Broy,Indigenous,Female,15,No,Public,Inactive,High School,Intermediate,Yes
Dunge,Indigenous,Male,15,Yes,Public,Inactive,Bachelors Degree,Basic,No
Twopenny,Non-Indigenous,Male,18,No,Private,Inactive,High School,Fluent,Yes
Bantham,Non-Indigenous,Male,16,Yes,Private,Active,Masters Degree,Intermediate,No
Gatherer,Non-Indigenous,Male,29,No,Public,Inactive,High School,Fluent,Yes
Cahill,Non-Indigenous,Male,32,Yes,Private,Inactive,Bachelors Degree,Intermediate,No
Pettingill,Indigenous,Female,17,No,Public,Inactive,High School,Fluent,Yes
Stygall,Non-Indigenous,Male,37,Yes,Public,Active,Masters Degree,Fluent,No
Brandt,Non-Indigenous,Female,33,Yes,Public,Inactive,Masters Degree,Fluent,No
Selby,Indigenous,Male,31,No,Private,Active,Bachelors Degree,Intermediate,No
Belli,Indigenous,Female,34,Yes,Private,Active,Masters Degree,Intermediate,No
Pavis,Non-Indigenous,Female,37,Yes,Private,Inactive,Associate Degree,Fluent,No
Burchett,Indigenous,Female,34,Yes,Private,Active,Masters Degree,Intermediate,No
Pickard,Non-Indigenous,Female,36,Yes,Public,Active,Bachelors Degree,Fluent,No
McKeowon,Indigenous,Male,24,Yes,Private,Inactive,Masters Degree,Intermediate,No
Melonby,Non-Indigenous,Female,20,Yes,Private,Inactive,Masters Degree,Fluent,No
Banker,Indigenous,Male,40,No,Public,Inactive,Masters Degree,Intermediate,No
Bennallck,Indigenous,Male,21,No,Private,Inactive,Associate Degree,Fluent,No
Alliband,Non-Indigenous,Female,32,Yes,Public,Active,High School,Basic,Yes
Maycock,Indigenous,Female,22,No,Public,Inactive,High School,Basic,Yes
Helis,Non-Indigenous,Female,35,No,Private,Active,Associate Degree,Intermediate,No
Poat,Indigenous,Male,19,Yes,Public,Active,High School,Basic,Yes
Galletley,Indigenous,Female,22,Yes,Private,Active,Bachelors Degree,Intermediate,No
Seide,Indigenous,Male,36,Yes,Private,Active,Masters Degree,Basic,No
Peddowe,Non-Indigenous,Female,38,No,Private,Inactive,Bachelors Degree,Basic,No
Gowthorpe,Indigenous,Female,24,Yes,Public,Active,Associate Degree,Basic,No
Hairyes,Non-Indigenous,Female,25,Yes,Private,Active,High School,Fluent,Yes
Brodnecke,Non-Indigenous,Male,16,Yes,Private,Inactive,Masters Degree,Intermediate,No
Gindghill,Non-Indigenous,Male,19,No,Private,Inactive,High School,Fluent,Yes
Cotillard,Non-Indigenous,Female,35,No,Public,Inactive,High School,Intermediate,Yes
Casajuana,Non-Indigenous,Female,15,No,Public,Inactive,Bachelors Degree,Fluent,No
Reina,Non-Indigenous,Male,38,No,Private,Inactive,Bachelors Degree,Basic,No
Ginnelly,Indigenous,Male,38,No,Private,Active,Associate Degree,Intermediate,No
Pauley,Non-Indigenous,Male,31,No,Public,Active,Bachelors Degree,Basic,No
Yankeev,Non-Indigenous,Female,27,Yes,Public,Active,Associate Degree,Intermediate,No
Emeline,Indigenous,Male,16,Yes,Private,Active,Bachelors Degree,Fluent,No
Vile,Non-Indigenous,Male,39,No,Private,Inactive,Associate Degree,Fluent,No
Jojic,Indigenous,Male,37,No,Private,Inactive,Associate Degree,Intermediate,No
Doone,Non-Indigenous,Male,25,No,Private,Active,Associate Degree,Intermediate,No
Le Lievre,Indigenous,Male,27,Yes,Private,Active,High School,Basic,Yes
Woodes,Non-Indigenous,Female,27,No,Private,Inactive,Associate Degree,Intermediate,No
Chatain,Non-Indigenous,Male,39,Yes,Public,Active,High School,Intermediate,Yes
Slidders,Non-Indigenous,Male,23,No,Public,Active,Masters Degree,Fluent,No
Royds,Non-Indigenous,Male,34,No,Public,Inactive,Bachelors Degree,Intermediate,No
Andreucci,Indigenous,Male,28,Yes,Public,Active,High School,Intermediate,Yes
Eslinger,Indigenous,Female,40,No,Public,Inactive,Associate Degree,Intermediate,No
Pallant,Indigenous,Female,23,Yes,Private,Inactive,High School,Fluent,Yes
Childe,Non-Indigenous,Male,16,No,Private,Active,Associate Degree,Fluent,No
Knee,Non-Indigenous,Male,28,No,Private,Inactive,Associate Degree,Basic,No
Kleuer,Non-Indigenous,Male,18,Yes,Private,Inactive,Associate Degree,Intermediate,No
Phelit,Indigenous,Male,38,Yes,Public,Active,Associate Degree,Intermediate,No
Lindsley,Indigenous,Female,19,No,Public,Active,Associate Degree,Basic,No
McLafferty,Indigenous,Female,30,No,Private,Inactive,Masters Degree,Fluent,No
Maytum,Non-Indigenous,Male,22,No,Private,Active,Bachelors Degree,Basic,No
Maccaig,Non-Indigenous,Male,38,Yes,Private,Active,Bachelors Degree,Intermediate,No
Lackney,Indigenous,Female,34,No,Private,Active,Bachelors Degree,Fluent,No
Eidelman,Non-Indigenous,Male,25,Yes,Public,Active,Masters Degree,Fluent,No
Prevett,Indigenous,Female,27,Yes,Public,Inactive,High School,Basic,Yes
Cookley,Non-Indigenous,Male,22,Yes,Private,Active,Bachelors Degree,Intermediate,No
Kaming,Non-Indigenous,Male,26,Yes,Public,Active,High School,Fluent,Yes
Jedrzaszkiewicz,Non-Indigenous,Male,17,No,Public,Active,Masters Degree,Basic,No
Hainning,Indigenous,Female,31,No,Private,Inactive,High School,Basic,Yes
Fudge,Non-Indigenous,Male,36,No,Public,Inactive,Masters Degree,Fluent,No
Cavnor,Indigenous,Male,16,No,Public,Active,Associate Degree,Fluent,No
Tarborn,Non-Indigenous,Male,16,Yes,Private,Inactive,Bachelors Degree,Fluent,No
Longfellow,Indigenous,Female,22,Yes,Public,Active,High School,Intermediate,Yes
Grossier,Indigenous,Male,23,Yes,Public,Inactive,Masters Degree,Basic,No
Deeves,Non-Indigenous,Male,19,Yes,Public,Active,Masters Degree,Fluent,No
Patley,Indigenous,Male,17,Yes,Private,Active,Bachelors Degree,Intermediate,No
Copper,Non-Indigenous,Male,38,Yes,Private,Active,Bachelors Degree,Intermediate,No
Klaas,Non-Indigenous,Female,37,Yes,Public,Inactive,Bachelors Degree,Intermediate,No
Trustram,Indigenous,Male,23,Yes,Private,Inactive,Bachelors Degree,Basic,No
Egerton,Indigenous,Male,30,Yes,Private,Inactive,Masters Degree,Intermediate,No
Griffithe,Non-Indigenous,Female,28,Yes,Public,Inactive,Bachelors Degree,Intermediate,No
Wiper,Non-Indigenous,Male,17,Yes,Public,Inactive,High School,Intermediate,Yes
Eliet,Indigenous,Male,32,Yes,Private,Active,High School,Basic,Yes
Sprigg,Non-Indigenous,Male,30,No,Public,Inactive,High School,Fluent,Yes
Shinton,Indigenous,Male,37,Yes,Public,Inactive,Bachelors Degree,Basic,No
Zima,Indigenous,Male,30,Yes,Private,Active,Bachelors Degree,Intermediate,No
Trengrove,Indigenous,Female,35,Yes,Public,Inactive,High School,Fluent,Yes
Lovat,Indigenous,Male,27,No,Public,Inactive,Bachelors Degree,Fluent,No
Eassom,Non-Indigenous,Female,20,Yes,Private,Inactive,High School,Intermediate,Yes
Hankin,Non-Indigenous,Female,35,Yes,Private,Inactive,High School,Basic,Yes
Dulton,Non-Indigenous,Female,27,No,Private,Active,High School,Basic,Yes
Cale,Non-Indigenous,Female,37,No,Private,Inactive,Masters Degree,Basic,No
Perrelli,Non-Indigenous,Male,21,Yes,Public,Inactive,High School,Intermediate,Yes
Brisson,Indigenous,Male,21,No,Public,Inactive,Masters Degree,Intermediate,No
Baiss,Indigenous,Male,17,No,Private,Active,Bachelors Degree,Basic,No
Manvelle,Non-Indigenous,Female,28,No,Private,Active,Masters Degree,Basic,No
Gosneye,Non-Indigenous,Male,38,Yes,Private,Inactive,Associate Degree,Intermediate,No
Orro,Non-Indigenous,Male,25,Yes,Private,Inactive,High School,Intermediate,Yes
McMeanma,Non-Indigenous,Male,22,Yes,Public,Active,Bachelors Degree,Intermediate,No
Halbard,Non-Indigenous,Female,38,No,Private,Active,Masters Degree,Basic,No
Blampy,Indigenous,Male,23,Yes,Public,Inactive,Associate Degree,Fluent,No
Craythorn,Indigenous,Male,34,No,Private,Active,Bachelors Degree,Fluent,No
Macconaghy,Non-Indigenous,Female,18,No,Private,Active,Masters Degree,Intermediate,No
Tillot,Non-Indigenous,Male,38,Yes,Private,Active,Associate Degree,Basic,No
Goodlake,Non-Indigenous,Female,32,Yes,Public,Inactive,Masters Degree,Basic,No
MacNally,Non-Indigenous,Female,19,Yes,Private,Active,Associate Degree,Basic,No
Lange,Indigenous,Male,40,No,Private,Inactive,Bachelors Degree,Basic,No
Garrettson,Non-Indigenous,Female,40,No,Public,Inactive,Bachelors Degree,Intermediate,No
Drillot,Indigenous,Male,26,No,Private,Inactive,Bachelors Degree,Basic,No
Beau,Non-Indigenous,Female,23,Yes,Private,Active,Associate Degree,Intermediate,No
Macourek,Non-Indigenous,Female,25,Yes,Private,Inactive,High School,Fluent,Yes
Mallard,Non-Indigenous,Male,28,No,Private,Inactive,Bachelors Degree,Basic,No
Klement,Indigenous,Male,35,Yes,Public,Inactive,Associate Degree,Fluent,No
Steddall,Indigenous,Female,28,Yes,Public,Inactive,Bachelors Degree,Intermediate,No
Priel,Indigenous,Male,15,Yes,Public,Active,Bachelors Degree,Fluent,No
Cranham,Indigenous,Female,16,No,Private,Inactive,Associate Degree,Basic,No
Mumm,Indigenous,Male,32,Yes,Private,Inactive,Bachelors Degree,Intermediate,No
Keuning,Non-Indigenous,Male,17,No,Public,Inactive,Associate Degree,Fluent,No
Coney,Indigenous,Female,40,No,Private,Active,High School,Basic,Yes
Torbet,Indigenous,Male,32,No,Public,Inactive,Associate Degree,Basic,No
Djurdjevic,Indigenous,Male,36,No,Private,Inactive,Associate Degree,Fluent,No
Ouslem,Indigenous,Male,16,Yes,Private,Inactive,Masters Degree,Intermediate,No
Parkins,Indigenous,Male,33,No,Public,Inactive,Associate Degree,Intermediate,No
Wrightham,Non-Indigenous,Female,18,No,Public,Active,High School,Basic,Yes
Obispo,Indigenous,Male,28,Yes,Private,Active,Masters Degree,Fluent,No
Strivens,Indigenous,Male,31,Yes,Public,Inactive,High School,Basic,Yes
McDunlevy,Non-Indigenous,Female,27,No,Public,Inactive,Masters Degree,Basic,No
Cuckson,Non-Indigenous,Male,28,Yes,Public,Inactive,Bachelors Degree,Intermediate,No
MacGruer,Indigenous,Male,36,Yes,Public,Active,Masters Degree,Intermediate,No
Bolesma,Indigenous,Male,20,Yes,Public,Inactive,Bachelors Degree,Intermediate,No
Juliano,Indigenous,Female,15,Yes,Public,Active,Bachelors Degree,Fluent,No
Trevethan,Non-Indigenous,Male,36,Yes,Public,Active,Associate Degree,Intermediate,No
Sarchwell,Non-Indigenous,Male,23,No,Private,Active,Bachelors Degree,Intermediate,No
Harler,Non-Indigenous,Male,19,Yes,Private,Inactive,Bachelors Degree,Intermediate,No
Barajas,Indigenous,Male,33,No,Public,Active,Bachelors Degree,Intermediate,No
Diggins,Indigenous,Female,16,No,Public,Active,Bachelors Degree,Basic,No
Goulter,Non-Indigenous,Male,24,No,Public,Inactive,Associate Degree,Basic,No
McKeady,Non-Indigenous,Male,39,Yes,Private,Active,High School,Intermediate,Yes
Redmayne,Indigenous,Female,29,Yes,Public,Active,Bachelors Degree,Basic,No
Bruyns,Indigenous,Male,33,Yes,Private,Active,Associate Degree,Basic,No
Simunek,Non-Indigenous,Female,40,Yes,Public,Inactive,Bachelors Degree,Basic,No
Magog,Non-Indigenous,Female,31,No,Public,Inactive,Masters Degree,Intermediate,No
Oppie,Non-Indigenous,Male,17,Yes,Private,Inactive,Associate Degree,Intermediate,No
Brampton,Non-Indigenous,Male,15,Yes,Public,Active,High School,Intermediate,Yes
Eckly,Non-Indigenous,Female,20,No,Public,Inactive,Bachelors Degree,Intermediate,No
Josselson,Non-Indigenous,Female,34,Yes,Private,Inactive,Bachelors Degree,Basic,No
Plane,Indigenous,Female,23,No,Public,Active,Bachelors Degree,Intermediate,No
Outhwaite,Indigenous,Male,34,Yes,Public,Active,High School,Intermediate,Yes
Sone,Non-Indigenous,Male,33,No,Public,Inactive,Associate Degree,Fluent,No
Meineken,Non-Indigenous,Female,26,Yes,Public,Active,Bachelors Degree,Fluent,No
Seatter,Non-Indigenous,Male,16,Yes,Public,Inactive,High School,Basic,Yes
Mayston,Indigenous,Female,21,No,Private,Inactive,Associate Degree,Intermediate,No
Clute,Non-Indigenous,Male,24,No,Private,Active,High School,Fluent,Yes
Meyer,Indigenous,Female,35,Yes,Private,Inactive,Masters Degree,Basic,No
Keelin,Indigenous,Female,26,Yes,Public,Inactive,Bachelors Degree,Basic,No
Normadell,Non-Indigenous,Male,15,Yes,Private,Active,Masters Degree,Basic,No
Kermon,Indigenous,Female,29,No,Public,Inactive,Masters Degree,Fluent,No
Bage,Non-Indigenous,Male,29,No,Public,Inactive,Bachelors Degree,Intermediate,No
Scarse,Non-Indigenous,Female,19,No,Public,Active,Associate Degree,Basic,No
Winckworth,Non-Indigenous,Male,32,Yes,Public,Inactive,Masters Degree,Fluent,No
Longstaffe,Indigenous,Female,39,Yes,Public,Inactive,Associate Degree,Fluent,No
Macey,Non-Indigenous,Female,39,No,Public,Active,High School,Basic,Yes
Sinyard,Indigenous,Female,31,Yes,Private,Active,High School,Fluent,Yes
Betts,Non-Indigenous,Female,35,No,Public,Active,Bachelors Degree,Intermediate,No
Entreis,Non-Indigenous,Male,28,Yes,Public,Active,Masters Degree,Basic,No
Thorburn,Non-Indigenous,Female,28,Yes,Public,Active,High School,Basic,Yes
Lynes,Non-Indigenous,Male,40,Yes,Public,Inactive,Masters Degree,Basic,No
Vass,Indigenous,Female,38,No,Public,Inactive,Masters Degree,Intermediate,No
Spaduzza,Non-Indigenous,Female,39,No,Private,Active,Masters Degree,Fluent,No
Hurcombe,Non-Indigenous,Female,21,Yes,Private,Inactive,High School,Intermediate,Yes
Le Quesne,Indigenous,Male,29,No,Public,Active,Bachelors Degree,Fluent,No
Buchanan,Indigenous,Female,36,No,Private,Inactive,Associate Degree,Basic,No
Quernel,Indigenous,Female,29,No,Private,Active,Masters Degree,Intermediate,No
Golby,Indigenous,Female,21,Yes,Private,Active,Masters Degree,Intermediate,No
Sertin,Non-Indigenous,Female,18,No,Private,Inactive,Bachelors Degree,Fluent,No
See,Non-Indigenous,Female,17,No,Public,Active,High School,Intermediate,Yes
Bohling,Indigenous,Female,18,No,Private,Inactive,Bachelors Degree,Intermediate,No
Goatman,Non-Indigenous,Female,22,No,Private,Inactive,Bachelors Degree,Fluent,No
Okie,Indigenous,Male,34,Yes,Public,Inactive,Bachelors Degree,Basic,No
Koppes,Indigenous,Female,40,No,Private,Inactive,Bachelors Degree,Intermediate,No
Pittaway,Indigenous,Female,29,No,Public,Inactive,Bachelors Degree,Intermediate,No
Lembcke,Non-Indigenous,Male,20,No,Private,Inactive,Masters Degree,Fluent,No
Gelland,Non-Indigenous,Male,22,No,Private,Inactive,High School,Fluent,Yes
Mound,Non-Indigenous,Female,30,Yes,Private,Inactive,Masters Degree,Intermediate,No
Colenutt,Non-Indigenous,Male,38,No,Private,Inactive,Masters Degree,Fluent,No
Spirritt,Non-Indigenous,Male,37,Yes,Private,Inactive,Associate Degree,Basic,No
Rhymes,Indigenous,Female,15,No,Public,Active,Bachelors Degree,Intermediate,No
Paget,Indigenous,Male,33,No,Private,Inactive,Bachelors Degree,Basic,No
Pennetta,Non-Indigenous,Female,36,Yes,Public,Inactive,Masters Degree,Intermediate,No
Lingner,Non-Indigenous,Male,30,No,Private,Active,Bachelors Degree,Basic,No
Aish,Indigenous,Male,27,No,Public,Active,Associate Degree,Fluent,No
Driver,Non-Indigenous,Male,30,Yes,Private,Active,High School,Fluent,Yes
Patterfield,Indigenous,Male,24,No,Private,Active,Bachelors Degree,Basic,No
Hargerie,Indigenous,Female,30,Yes,Private,Inactive,Masters Degree,Fluent,No
Nurcombe,Non-Indigenous,Female,24,No,Private,Inactive,High School,Basic,Yes
Losbie,Indigenous,Female,39,No,Private,Active,Masters Degree,Basic,No
Gawkes,Non-Indigenous,Female,23,No,Private,Active,Masters Degree,Fluent,No
Tomsett,Indigenous,Male,17,No,Private,Active,Bachelors Degree,Intermediate,No
de Glanville,Indigenous,Male,21,Yes,Private,Inactive,Associate Degree,Basic,No
Bouldstridge,Non-Indigenous,Female,27,No,Private,Inactive,Bachelors Degree,Basic,No
Longhi,Non-Indigenous,Male,17,No,Private,Active,Masters Degree,Fluent,No
Broster,Indigenous,Male,20,Yes,Private,Active,Associate Degree,Fluent,No
Newick,Non-Indigenous,Male,15,Yes,Private,Inactive,High School,Fluent,Yes
Malia,Indigenous,Female,39,No,Private,Active,Associate Degree,Fluent,No
Skillicorn,Indigenous,Male,25,Yes,Private,Inactive,Masters Degree,Intermediate,No
Keddle,Non-Indigenous,Male,36,Yes,Private,Inactive,High School,Intermediate,Yes
Bindin,Non-Indigenous,Female,16,Yes,Public,Inactive,Bachelors Degree,Basic,No
O'Dempsey,Non-Indigenous,Female,31,Yes,Public,Active,High School,Intermediate,Yes
Devennie,Indigenous,Female,17,Yes,Public,Inactive,Masters Degree,Basic,No
Cabrara,Indigenous,Female,21,Yes,Private,Active,High School,Basic,Yes
Mabbe,Indigenous,Male,26,Yes,Private,Inactive,Associate Degree,Fluent,No
Biever,Indigenous,Female,39,Yes,Private,Inactive,High School,Basic,Yes
Clapston,Non-Indigenous,Female,33,No,Public,Inactive,High School,Basic,Yes
Flowitt,Non-Indigenous,Female,35,No,Private,Inactive,High School,Fluent,Yes
Dummett,Indigenous,Male,24,No,Public,Active,Bachelors Degree,Fluent,No
Longford,Non-Indigenous,Female,40,No,Public,Inactive,High School,Basic,Yes
Dutch,Non-Indigenous,Male,19,No,Public,Active,Associate Degree,Fluent,No
Marchbank,Non-Indigenous,Male,17,Yes,Private,Inactive,Associate Degree,Fluent,No
Millier,Indigenous,Male,34,No,Public,Inactive,Masters Degree,Basic,No
Capenor,Non-Indigenous,Male,23,No,Private,Inactive,Bachelors Degree,Basic,No
Turri,Non-Indigenous,Male,40,Yes,Public,Inactive,High School,Intermediate,Yes
Kewzick,Non-Indigenous,Female,33,No,Private,Active,High School,Intermediate,Yes
Heisler,Indigenous,Female,24,Yes,Private,Active,Masters Degree,Basic,No
Doubleday,Non-Indigenous,Female,20,No,Private,Active,High School,Intermediate,Yes
Costock,Indigenous,Female,28,No,Public,Active,Masters Degree,Intermediate,No
Sowter,Non-Indigenous,Female,31,Yes,Public,Active,Associate Degree,Intermediate,No
Monkleigh,Indigenous,Male,34,Yes,Private,Inactive,Masters Degree,Basic,No
Garbar,Indigenous,Female,39,No,Public,Inactive,Masters Degree,Fluent,No
Lorkin,Non-Indigenous,Female,30,Yes,Private,Active,Masters Degree,Fluent,No
Longthorn,Non-Indigenous,Male,27,No,Private,Active,Masters Degree,Fluent,No
Glancey,Non-Indigenous,Male,40,Yes,Private,Active,Masters Degree,Intermediate,No
Grenshiels,Indigenous,Female,31,No,Public,Inactive,High School,Intermediate,Yes
Lazonby,Indigenous,Female,33,No,Private,Active,Associate Degree,Fluent,No
Hailes,Non-Indigenous,Female,40,Yes,Private,Active,Bachelors Degree,Intermediate,No
Hovee,Indigenous,Male,33,Yes,Private,Inactive,Associate Degree,Fluent,No
Goundsy,Indigenous,Male,31,No,Public,Active,Bachelors Degree,Fluent,No
Danhel,Non-Indigenous,Female,36,Yes,Private,Inactive,Bachelors Degree,Fluent,No
Le Guin,Indigenous,Male,21,Yes,Public,Inactive,Associate Degree,Intermediate,No
Greenleaf,Non-Indigenous,Male,31,Yes,Public,Active,High School,Basic,Yes
Bahike,Indigenous,Male,36,Yes,Private,Active,Masters Degree,Fluent,No
Thumann,Indigenous,Female,19,No,Private,Inactive,Masters Degree,Basic,No
Smitherham,Non-Indigenous,Male,27,No,Private,Inactive,Bachelors Degree,Intermediate,No
Elkins,Non-Indigenous,Female,15,Yes,Public,Active,Masters Degree,Fluent,No
Taillant,Non-Indigenous,Male,38,Yes,Public,Active,Bachelors Degree,Fluent,No
Pund,Non-Indigenous,Female,28,No,Private,Inactive,High School,Intermediate,Yes
Heindrich,Non-Indigenous,Male,33,Yes,Public,Inactive,Masters Degree,Basic,No
Cammish,Non-Indigenous,Female,15,No,Public,Inactive,Bachelors Degree,Fluent,No
Dunphie,Non-Indigenous,Female,34,No,Public,Inactive,High School,Basic,Yes
Dulwich,Non-Indigenous,Female,19,No,Public,Active,Bachelors Degree,Fluent,No
Meharry,Non-Indigenous,Female,26,No,Private,Active,Associate Degree,Basic,No
Pietruszka,Non-Indigenous,Female,36,Yes,Private,Inactive,High School,Intermediate,Yes
Ceschi,Non-Indigenous,Female,21,No,Private,Active,High School,Basic,Yes
Novelli,Non-Indigenous,Female,24,No,Public,Inactive,Bachelors Degree,Fluent,No
Weldrick,Indigenous,Female,37,Yes,Private,Inactive,Masters Degree,Fluent,No
Bang,Non-Indigenous,Male,37,No,Private,Inactive,High School,Basic,Yes
Delea,Indigenous,Male,27,Yes,Private,Active,Associate Degree,Intermediate,No
Schlagman,Indigenous,Female,20,Yes,Public,Active,Associate Degree,Fluent,No
Shirer,Non-Indigenous,Female,22,Yes,Private,Inactive,Associate Degree,Fluent,No
Gloster,Indigenous,Female,21,No,Private,Active,Masters Degree,Intermediate,No
Semper,Indigenous,Female,34,Yes,Public,Inactive,Masters Degree,Fluent,No
Crown,Non-Indigenous,Female,21,No,Private,Inactive,Associate Degree,Intermediate,No
Crompton,Indigenous,Female,32,No,Private,Inactive,Bachelors Degree,Intermediate,No
Goodlett,Indigenous,Female,31,Yes,Public,Inactive,Bachelors Degree,Basic,No
Raigatt,Indigenous,Male,31,Yes,Public,Inactive,High School,Fluent,Yes
Seston,Non-Indigenous,Female,25,Yes,Private,Inactive,Associate Degree,Intermediate,No
Gunda,Non-Indigenous,Male,38,No,Private,Inactive,Associate Degree,Intermediate,No
Dixcee,Non-Indigenous,Female,27,Yes,Private,Active,Masters Degree,Intermediate,No
Birks,Indigenous,Female,24,No,Public,Active,Bachelors Degree,Intermediate,No
Tedahl,Non-Indigenous,Male,15,Yes,Private,Active,Masters Degree,Intermediate,No
Lindermann,Non-Indigenous,Male,40,No,Private,Inactive,Associate Degree,Fluent,No
Crilley,Non-Indigenous,Male,27,Yes,Private,Inactive,Bachelors Degree,Basic,No
Statham,Non-Indigenous,Male,15,Yes,Public,Inactive,High School,Fluent,No
Stennine,Non-Indigenous,Male,35,No,Public,Inactive,High School,Basic,No
Wheble,Indigenous,Female,34,Yes,Public,Active,High School,Basic,No
Ondrak,Indigenous,Male,17,Yes,Public,Inactive,High School,Basic,No
Dodworth,Indigenous,Male,15,No,Private,Active,High School,Intermediate,No
Ellins,Indigenous,Male,16,No,Private,Active,High School,Basic,No
Mitchenson,Indigenous,Male,24,Yes,Private,Active,High School,Fluent,No
Essel,Non-Indigenous,Male,17,Yes,Public,Active,High School,Basic,No
Chaters,Non-Indigenous,Female,31,No,Private,Inactive,High School,Intermediate,No
Gecke,Indigenous,Female,21,Yes,Public,Active,High School,Fluent,No
Bramah,Indigenous,Female,38,Yes,Private,Inactive,High School,Intermediate,No
Guerrero,Non-Indigenous,Male,38,No,Public,Active,High School,Fluent,No
McCafferky,Non-Indigenous,Female,36,Yes,Public,Inactive,High School,Intermediate,No
Bickerdicke,Indigenous,Male,33,Yes,Public,Inactive,High School,Fluent,No
Marcoolyn,Non-Indigenous,Male,19,No,Private,Inactive,High School,Intermediate,No
Smithend,Non-Indigenous,Male,15,No,Public,Active,High School,Fluent,No
Boman,Non-Indigenous,Female,15,No,Public,Inactive,High School,Intermediate,No
Dennidge,Indigenous,Male,24,No,Private,Active,High School,Intermediate,No
Snook,Non-Indigenous,Female,26,Yes,Private,Active,High School,Intermediate,No
Korb,Indigenous,Female,25,Yes,Public,Inactive,High School,Intermediate,No
Barnwell,Indigenous,Male,39,No,Private,Inactive,High School,Intermediate,No
Riddles,Non-Indigenous,Female,30,Yes,Public,Inactive,High School,Basic,No
Peacock,Indigenous,Male,21,Yes,Private,Inactive,High School,Basic,No
McDuffie,Non-Indigenous,Male,19,Yes,Private,Inactive,High School,Intermediate,No
Hein,Indigenous,Female,38,Yes,Public,Inactive,High School,Intermediate,No
Sorrel,Indigenous,Female,24,Yes,Public,Inactive,High School,Intermediate,No
Jeannon,Non-Indigenous,Female,28,Yes,Public,Inactive,High School,Fluent,No
Enns,Indigenous,Male,40,No,Private,Active,High School,Fluent,No
Dunthorn,Non-Indigenous,Female,16,No,Public,Active,High School,Basic,No
Giacomini,Non-Indigenous,Female,24,Yes,Public,Active,High School,Basic,No
Rottcher,Non-Indigenous,Female,17,No,Private,Inactive,High School,Basic,No
Mingardi,Non-Indigenous,Male,19,Yes,Public,Inactive,High School,Fluent,No
McCurtain,Non-Indigenous,Male,29,No,Public,Inactive,High School,Basic,No
Varran,Indigenous,Male,39,No,Private,Active,High School,Basic,No
Jeaves,Non-Indigenous,Female,27,No,Private,Inactive,High School,Fluent,No
Critcher,Indigenous,Female,17,Yes,Private,Active,High School,Basic,No
Capun,Indigenous,Female,28,Yes,Public,Inactive,High School,Fluent,No
Quirke,Non-Indigenous,Male,30,No,Private,Active,High School,Intermediate,No
Scroxton,Indigenous,Male,17,Yes,Private,Active,High School,Fluent,No
Bleier,Indigenous,Female,37,No,Private,Inactive,High School,Intermediate,No
Mellows,Non-Indigenous,Female,22,Yes,Private,Active,High School,Intermediate,No
Everit,Indigenous,Female,31,No,Public,Active,High School,Intermediate,No
Gallard,Indigenous,Male,17,No,Private,Inactive,High School,Intermediate,No
Betz,Indigenous,Female,26,Yes,Public,Active,High School,Intermediate,No
Huriche,Non-Indigenous,Female,18,Yes,Public,Active,High School,Basic,No
Gillott,Non-Indigenous,Female,34,Yes,Private,Active,High School,Intermediate,No
Cronshaw,Indigenous,Male,16,Yes,Private,Active,High School,Basic,No
Haglington,Non-Indigenous,Male,35,Yes,Private,Inactive,High School,Fluent,No
Weathers,Non-Indigenous,Female,15,Yes,Private,Active,High School,Basic,No
Klicher,Indigenous,Male,17,Yes,Public,Active,High School,Fluent,No
Barfield,Indigenous,Male,26,Yes,Private,Inactive,High School,Basic,No
Gorsse,Non-Indigenous,Male,16,No,Private,Active,High School,Intermediate,No
Whiteway,Non-Indigenous,Female,36,Yes,Public,Inactive,High School,Basic,No
Cunrado,Non-Indigenous,Female,17,No,Private,Active,High School,Fluent,No
Milborn,Indigenous,Female,31,Yes,Private,Inactive,High School,Basic,No
Juan,Non-Indigenous,Male,34,Yes,Public,Inactive,High School,Basic,No
Rugg,Non-Indigenous,Female,35,No,Private,Active,High School,Basic,No
Cauley,Indigenous,Male,17,Yes,Private,Active,High School,Intermediate,No
Ailsbury,Non-Indigenous,Male,25,Yes,Public,Active,High School,Basic,No
Thurlbeck,Indigenous,Female,20,Yes,Private,Active,High School,Intermediate,No
Prate,Indigenous,Female,21,Yes,Public,Active,High School,Basic,No
Hallan,Non-Indigenous,Male,16,No,Public,Inactive,High School,Fluent,No
Gilkison,Non-Indigenous,Female,35,No,Private,Active,High School,Basic,No
Jenton,Indigenous,Female,36,Yes,Private,Inactive,High School,Fluent,No
Strangwood,Indigenous,Male,36,No,Private,Active,High School,Intermediate,No
Sparsholt,Indigenous,Male,36,Yes,Public,Inactive,High School,Basic,No
Taye,Non-Indigenous,Male,24,Yes,Public,Inactive,High School,Basic,No
Shoulder,Indigenous,Female,31,Yes,Public,Active,High School,Basic,No
Ciciura,Non-Indigenous,Male,33,Yes,Public,Active,High School,Intermediate,No
Dalgetty,Non-Indigenous,Female,21,No,Public,Inactive,High School,Fluent,No
Irwin,Non-Indigenous,Female,27,No,Public,Active,High School,Intermediate,No
Mateo,Non-Indigenous,Male,23,Yes,Private,Active,High School,Intermediate,No
Haggerty,Non-Indigenous,Male,34,No,Private,Inactive,High School,Intermediate,No
Waby,Indigenous,Female,16,No,Private,Active,High School,Basic,No
Oleszcuk,Non-Indigenous,Male,24,No,Private,Inactive,High School,Basic,No
Godby,Indigenous,Male,31,No,Public,Inactive,High School,Basic,No
Rothery,Non-Indigenous,Female,15,Yes,Private,Active,High School,Basic,No
Marder,Indigenous,Female,24,No,Private,Inactive,High School,Basic,No
Woollacott,Non-Indigenous,Female,21,No,Private,Inactive,High School,Intermediate,No
Conen,Indigenous,Male,29,Yes,Public,Inactive,High School,Basic,No
Bulteel,Indigenous,Male,40,Yes,Private,Inactive,High School,Intermediate,No
Connolly,Non-Indigenous,Female,26,No,Public,Inactive,High School,Fluent,No
Culp,Non-Indigenous,Male,16,No,Public,Inactive,High School,Intermediate,No
Gooderridge,Indigenous,Female,25,Yes,Private,Inactive,High School,Intermediate,No
Fosdike,Indigenous,Female,40,No,Public,Active,High School,Fluent,No
Semble,Non-Indigenous,Female,40,Yes,Public,Inactive,High School,Basic,No
Smoughton,Indigenous,Male,32,No,Private,Inactive,High School,Fluent,No
Sitwell,Indigenous,Male,37,Yes,Public,Inactive,High School,Fluent,No
Corday,Non-Indigenous,Male,27,Yes,Public,Active,High School,Fluent,No
Moneypenny,Non-Indigenous,Male,23,Yes,Public,Active,High School,Intermediate,No
Wattisham,Non-Indigenous,Female,31,Yes,Public,Active,High School,Basic,No
Pudney,Indigenous,Male,37,Yes,Public,Active,High School,Intermediate,No
Jedraszczyk,Indigenous,Male,38,Yes,Public,Inactive,High School,Basic,No
de Glanville,Non-Indigenous,Female,25,Yes,Public,Active,High School,Intermediate,No
MacLachlan,Non-Indigenous,Male,31,No,Private,Active,High School,Basic,No
Tommis,Indigenous,Female,17,Yes,Private,Active,High School,Fluent,No
Albro,Non-Indigenous,Male,19,Yes,Public,Inactive,High School,Fluent,No
Menichi,Indigenous,Female,39,No,Private,Inactive,High School,Intermediate,No
Hindrick,Indigenous,Male,40,No,Private,Inactive,High School,Basic,No
Delong,Non-Indigenous,Male,39,Yes,Private,Inactive,High School,Intermediate,No
Jaray,Non-Indigenous,Female,35,Yes,Private,Active,High School,Intermediate,No
Pantling,Non-Indigenous,Male,29,No,Public,Active,High School,Fluent,No
Day,Indigenous,Female,22,No,Public,Inactive,High School,Fluent,No
Steketee,Indigenous,Male,40,Yes,Public,Active,High School,Basic,No
Tricker,Indigenous,Female,23,No,Private,Active,High School,Basic,No
Masarrat,Non-Indigenous,Male,34,Yes,Public,Inactive,High School,Fluent,No
Borlease,Non-Indigenous,Female,20,Yes,Public,Active,High School,Intermediate,No
Lorimer,Non-Indigenous,Male,39,No,Public,Inactive,High School,Intermediate,No
Bailes,Non-Indigenous,Male,32,Yes,Public,Inactive,High School,Fluent,No
Hebblewaite,Non-Indigenous,Male,22,Yes,Public,Active,High School,Fluent,No
Tufts,Indigenous,Female,36,Yes,Private,Active,High School,Fluent,No
Borgars,Indigenous,Female,33,No,Public,Active,High School,Basic,No
Fundell,Non-Indigenous,Female,30,No,Private,Inactive,High School,Fluent,No
Coners,Indigenous,Female,16,Yes,Private,Inactive,High School,Basic,No
Marwood,Non-Indigenous,Male,21,No,Public,Inactive,High School,Basic,No
Crigin,Indigenous,Female,24,No,Private,Active,High School,Basic,No
Gannon,Indigenous,Female,22,No,Private,Inactive,High School,Intermediate,No
Campo,Non-Indigenous,Female,30,No,Public,Inactive,High School,Intermediate,No
Llopis,Indigenous,Male,25,No,Public,Inactive,High School,Basic,No
Charters,Indigenous,Male,15,No,Public,Inactive,High School,Fluent,No
Gooden,Indigenous,Male,32,No,Public,Active,High School,Fluent,No
Starkie,Indigenous,Male,26,Yes,Private,Active,High School,Intermediate,No
Nestor,Indigenous,Female,39,Yes,Public,Inactive,High School,Fluent,No
Rheaume,Non-Indigenous,Male,23,Yes,Public,Inactive,High School,Basic,No
Nangle,Non-Indigenous,Female,17,Yes,Public,Inactive,High School,Intermediate,No
Bertlin,Non-Indigenous,Male,32,Yes,Private,Active,High School,Fluent,No
Morfey,Indigenous,Female,16,Yes,Public,Inactive,High School,Intermediate,No
Josefsohn,Non-Indigenous,Male,36,No,Public,Active,High School,Intermediate,No
Mathes,Indigenous,Male,37,No,Public,Inactive,High School,Fluent,No
Casterou,Indigenous,Male,27,No,Private,Active,High School,Basic,No
Lannen,Non-Indigenous,Male,26,No,Private,Active,High School,Intermediate,No
Benedicte,Indigenous,Male,19,No,Public,Inactive,High School,Basic,No
McLeese,Non-Indigenous,Female,26,No,Public,Inactive,High School,Intermediate,No
